color_name,hex,r,g,b
Acid green,#B0BF1A,176,191,26
Aero,#7CB9E8,124,185,232
Aero blue,#C9FFE5,201,255,229
African violet,#B284BE,178,132,190
Air Force blue (RAF),#5D8AA8,93,138,168
Air Force blue (USAF),#00308F,0,48,143
Air superiority blue,#72A0C1,114,160,193
Alabama crimson,#AF002A,175,0,42
Alabaster[citation needed],#F2F0E6,242,240,230
Alice blue,#F0F8FF,240,248,255
Alizarin crimson,#E32636,227,38,54
Alloy orange,#C46210,196,98,16
Almond,#EFDECD,239,222,205
Amaranth,#E52B50,229,43,80
Amaranth deep purple,#9F2B68,159,43,104
Amaranth pink,#F19CBB,241,156,187
Amaranth purple,#AB274F,171,39,79
Amaranth red,#D3212D,211,33,45
Amazon,#3B7A57,59,122,87
Amber,#FFBF00,255,191,0
Amber (SAE/ECE),#FF7E00,255,126,0
American blue,#3B3B6D,59,59,109
American bronze,#391802,57,24,2
American brown,#804040,128,64,64
American gold,#D3AF37,211,175,55
American green,#34B334,52,179,52
American orange,#FF8B00,255,139,0
American pink,#FF9899,255,152,153
American purple,#431C53,67,28,83
American red,#B32134,179,33,52
American rose,#FF033E,255,3,62
American silver,#CFCFCF,207,207,207
American violet,#551B8C,85,27,140
American yellow,#F2B400,242,180,0
Amethyst,#9966CC,153,102,204
Android green (2008-2014),#A4C639,164,198,57
Android green,#79C257,121,194,87
Anti-flash white,#F2F3F4,242,243,244
Antique brass,#CD9575,205,149,117
Antique bronze,#665D1E,102,93,30
Antique fuchsia,#915C83,145,92,131
Antique ruby,#841B2D,132,27,45
Antique white,#FAEBD7,250,235,215
Ao (English),#008000,0,128,0
Apple,#66B447,102,180,71
Apple green,#8DB600,141,182,0
Apricot,#FBCEB1,251,206,177
Aqua,#00FFFF,0,255,255
Aquamarine,#7FFFD4,127,255,212
Arctic lime,#D0FF14,208,255,20
Argent,#C0C0C0,192,192,192
Army green,#4B5320,75,83,32
Arsenic,#3B444B,59,68,75
Artichoke,#8F9779,143,151,121
Arylide yellow,#E9D66B,233,214,107
Asda Green,#7DC242,125,194,66
Asda Green (2002),#32AD61,50,173,97
Asda Green (1999),#66C992,102,201,146
Asda Green (1994),#80C197,128,193,151
Asda Green (1985),#00DEA4,0,222,164
Asda Orange,#C86500,200,101,0
Asda Orange (1968),#CA7309,202,115,9
Ash gray,#B2BEB5,178,190,181
Asparagus,#87A96B,135,169,107
Ateneo blue,#003A6C,0,58,108
Atomic tangerine,#FF9966,255,153,102
Auburn,#A52A2A,165,42,42
Aureolin,#FDEE00,253,238,0
AuroMetalSaurus,#6E7F80,110,127,128
Avocado,#568203,86,130,3
Awesome,#FF2052,255,32,82
Axolotl,#63775B,99,119,91
Azure,#007FFF,0,127,255
Azure (web color),#F0FFFF,240,255,255
Azure mist,#F0FFFF,240,255,255
Azureish white,#DBE9F4,219,233,244
Baby blue,#89CFF0,137,207,240
Baby blue eyes,#A1CAF1,161,202,241
Baby pink,#F4C2C2,244,194,194
Baby powder,#FEFEFA,254,254,250
Baker-Miller pink,#FF91AF,255,145,175
Ball blue,#21ABCD,33,171,205
Banana Mania,#FAE7B5,250,231,181
Banana yellow,#FFE135,255,225,53
Bangladesh green,#006A4E,0,106,78
Barbie Pink (1959-1975),#E85395,232,83,149
Barbie Pink (1975-1990),#D3419D,211,65,157
Barbie Pink (1990-1999),#F364A2,243,100,162
Barbie Pink (1999-2004),#F7238A,247,35,138
Barbie Pink (2004-2005),#FF3988,255,57,136
Barbie Pink (2005-2009),#FC419A,252,65,154
Barbie Pink,#E94196,233,65,150
Barbie Pink (Pantone),#E0218A,224,33,138
Barn red,#7C0A02,124,10,2
Battery charged blue,#1DACD6,29,172,214
Battleship grey,#848482,132,132,130
Batorange,#C3540A,195,84,10
Bayside,#5FC9BF,95,201,191
Bazaar,#98777B,152,119,123
Beau blue,#BCD4E6,188,212,230
Beaver,#9F8170,159,129,112
Beer,#F28E1C,242,142,28
Begonia,#FA6E79,250,110,121
Beige,#F5F5DC,245,245,220
B'dazzled blue,#2E5894,46,88,148
Big dip o’ruby,#9C2542,156,37,66
Big Foot Feet,#E88E5A,232,142,90
Bisque,#FFE4C4,255,228,196
Bistre,#3D2B1F,61,43,31
Bistre brown,#967117,150,113,23
Bitter lemon,#CAE00D,202,224,13
Bitter lime,#BFFF00,191,255,0
Bittersweet,#FE6F5E,254,111,94
Bittersweet shimmer,#BF4F51,191,79,81
Black,#000000,0,0,0
Black bean,#3D0C02,61,12,2
Black chocolate,#1B1811,27,24,17
Black coffee,#3B2F2F,59,47,47
Black coral,#54626F,84,98,111
Black leather jacket,#253529,37,53,41
Black olive,#3B3C36,59,60,54
Blackberry,#8F5973,143,89,115
Black raspberry,#16110D,22,17,13
Black Shadows,#BFAFB2,191,175,178
Blanched almond,#FFEBCD,255,235,205
Blast-off bronze,#A57164,165,113,100
Bleu de France,#318CE7,49,140,231
Blizzard blue,#ACE5EE,172,229,238
Blond,#FAF0BE,250,240,190
Blood,#8A0303,138,3,3
Blood orange,#D1001C,209,0,28
Blood red,#660000,102,0,0
Blood (Animal),#A41313,164,19,19
Blood (organ),#630F0F,99,15,15
Blue,#0000FF,0,0,255
Blue (Crayola),#1F75FE,31,117,254
Blue (Munsell),#0093AF,0,147,175
Blue (NCS),#0087BD,0,135,189
Blue (Pantone),#0018A8,0,24,168
Blue (pigment),#333399,51,51,153
Blue (RYB),#0247FE,2,71,254
Blue bell,#A2A2D0,162,162,208
Blue bolt,#00B9FB,0,185,251
Blue cola,#0088DC,0,136,220
Blue-gray,#6699CC,102,153,204
Blue-green,#0D98BA,13,152,186
Blue-green (color wheel),#064E40,6,78,64
Blue jeans,#5DADEC,93,173,236
Blue lagoon,#ACE5EE,172,229,238
Blue-magenta violet,#553592,85,53,146
Blue raspberry,#0CBFE9,12,191,233
Blue sapphire,#126180,18,97,128
Blue-violet,#8A2BE2,138,43,226
Blue-violet (Crayola),#7366BD,115,102,189
Blue-violet (color wheel),#4D1A7F,77,26,127
Blue yonder,#5072A7,80,114,167
Blueberry,#4F86F7,79,134,247
Bluebonnet,#1C1CF0,28,28,240
Blush,#DE5D83,222,93,131
Bole,#79443B,121,68,59
Nicole and Bri Blue,#0095B6,0,149,182
Bone,#E3DAC9,227,218,201
Bored accent green,#DDE26A,221,226,106
Boston University red,#CC0000,204,0,0
Bottle green,#006A4E,0,106,78
Boysenberry,#873260,135,50,96
Boy red,#0E9CA5,14,156,165
Brandeis blue,#0070FF,0,112,255
Brandy,#87413F,135,65,63
Brass,#B5A642,181,166,66
Brave orange,#FF631C,255,99,28
Brick red,#CB4154,203,65,84
Bright cerulean,#1DACD6,29,172,214
Bright gray,#EBECF0,235,236,240
Bright green,#66FF00,102,255,0
Bright lavender,#BF94E4,191,148,228
Bright lilac,#D891EF,216,145,239
Bright maroon,#C32148,195,33,72
Bright navy blue,#1974D2,25,116,210
Bright pink,#FF007F,255,0,127
Bright turquoise,#08E8DE,8,232,222
Bright ube,#D19FE8,209,159,232
Bright yellow (Crayola),#FFAA1D,255,170,29
Brilliant azure,#3399FF,51,153,255
Brilliant lavender,#F4BBFF,244,187,255
Brilliant rose,#FF55A3,255,85,163
Brink pink,#FB607F,251,96,127
British racing green,#004225,0,66,37
Bronze,#88540B,136,84,11
Bronze,#CD7F32,205,127,50
Bronze (metallic),#B08D57,176,141,87
Bronze yellow,#737000,115,112,0
Brown,#993300,153,51,0
Brown (Crayola),#AF593E,175,89,62
Brown (traditional),#964B00,150,75,0
Brown (web),#A52A2A,165,42,42
Brown-nose,#6B4423,107,68,35
Brown sugar,#AF6E4D,175,110,77
Brown Chocolate,#5F1933,95,25,51
Brown Coffee,#4A2C2A,74,44,42
Brown Yellow,#CC9966,204,153,102
Brunswick green,#1B4D3E,27,77,62
Bubble gum,#FFC1CC,255,193,204
Bubbles,#E7FEFF,231,254,255
Bud green,#7BB661,123,182,97
Buff,#F0DC82,240,220,130
Bulgarian rose,#480607,72,6,7
Burgundy,#800020,128,0,32
Burlywood,#DEB887,222,184,135
Burnished brown,#A17A74,161,122,116
Burnt orange,#CC5500,204,85,0
Burnt sienna,#E97451,233,116,81
Burnt umber,#8A3324,138,51,36
Button blue,#24A0ED,36,160,237
Byzantine,#BD33A4,189,51,164
Byzantium,#702963,112,41,99
Cadet,#536872,83,104,114
Cadet blue,#5F9EA0,95,158,160
Cadet blue (Crayola),#A9B2C3,169,178,195
Cadet grey,#91A3B0,145,163,176
Cadmium blue,#0A1195,10,17,149
Cadmium green,#006B3C,0,107,60
Cadmium orange,#ED872D,237,135,45
Cadmium purple,#B60C26,182,12,38
Cadmium red,#E30022,227,0,34
Cadmium yellow,#FFF600,255,246,0
Cadmium violet,#7F3E98,127,62,152
Café au lait,#A67B5B,166,123,91
Café noir,#4B3621,75,54,33
Cal Poly Pomona green,#1E4D2B,30,77,43
Calamansi,#FCFFA4,252,255,164
Cambridge blue,#A3C1AD,163,193,173
Camel,#C19A6B,193,154,107
Cameo pink,#EFBBCC,239,187,204
Camouflage green,#78866B,120,134,107
Canary,#FFFF99,255,255,153
Canary yellow,#FFEF00,255,239,0
Candy apple red,#FF0800,255,8,0
Candy pink,#E4717A,228,113,122
Capri,#00BFFF,0,191,255
Caput mortuum,#592720,89,39,32
Caramel,#FFD59A,255,213,154
Cardinal,#C41E3A,196,30,58
Caribbean green,#00CC99,0,204,153
Caribbean blue,#1AC1DD,26,193,221
Carmine,#960018,150,0,24
Carmine (M&P),#D70040,215,0,64
Carmine pink,#EB4C42,235,76,66
Carmine red,#FF0038,255,0,56
Carnation pink,#FFA6C9,255,166,201
Carnelian,#B31B1B,179,27,27
Carolina blue,#56A0D3,86,160,211
Carrot orange,#ED9121,237,145,33
Castleton green,#00563F,0,86,63
Catalina blue,#062A78,6,42,120
Catawba,#703642,112,54,66
Cedar Chest,#C95A49,201,90,73
Ceil,#92A1CF,146,161,207
Celadon,#ACE1AF,172,225,175
Celadon blue,#007BA7,0,123,167
Celadon green,#2F847C,47,132,124
Celeste,#B2FFFF,178,255,255
Celestial blue,#4997D0,73,151,208
Celtic blue,#246BCE,36,107,206
Cerise,#DE3163,222,49,99
Cerise pink,#EC3B83,236,59,131
Cerulean,#007BA7,0,123,167
Cerulean blue,#2A52BE,42,82,190
Cetacean blue,#001440,0,20,64
Cerulean frost,#6D9BC3,109,155,195
Cerulean (Crayola),#1DACD6,29,172,214
CG blue,#007AA5,0,122,165
CG red,#E03C31,224,60,49
Chamoisee,#A0785A,160,120,90
Champagne,#F7E7CE,247,231,206
Champagne pink,#F1DDCF,241,221,207
Charcoal,#36454F,54,69,79
Charleston green,#232B2B,35,43,43
Charm,#D0748B,208,116,139
Charm pink,#E68FAC,230,143,172
Chartreuse (traditional),#DFFF00,223,255,0
Chartreuse (web),#7FFF00,127,255,0
Cheese,#FFA600,255,166,0
Cherry,#DE3163,222,49,99
Cherry blossom pink,#FFB7C5,255,183,197
Chestnut,#954535,149,69,53
Chickadee,#FFC34D,255,195,77
China pink,#DE6FA1,222,111,161
China rose,#A8516E,168,81,110
Chinese black,#141414,20,20,20
Chinese blue,#365194,54,81,148
Chinese bronze,#CD8032,205,128,50
Chinese brown,#AB381F,171,56,31
Chinese green,#D0DB61,208,219,97
Chinese gold,#CC9900,204,153,0
Chinese orange,#F37042,243,112,66
Chinese pink,#DE70A1,222,112,161
Chinese purple,#720B98,114,11,152
Chinese red,#CD071E,205,7,30
Chinese red,#AA381E,170,56,30
Chinese silver,#CCCCCC,204,204,204
Chinese violet,#856088,133,96,136
Chinese white,#E2E5DE,226,229,222
Chinese yellow,#FFB200,255,178,0
Chlorophyll green,#4AFF00,74,255,0
Chocolate brown,#3F000F,63,0,15
Chocolate cosmos,#58111A,88,17,26
Chocolate Kisses,#3C1421,60,20,33
Chocolate (traditional),#7B3F00,123,63,0
Chocolate (web),#D2691E,210,105,30
Chrome yellow,#FFA700,255,167,0
Christmas blue,#2A8FBD,42,143,189
Christmas blue,#365194,54,81,148
Christmas brown,#5D2B2C,93,43,44
Christmas brown,#4C1F02,76,31,2
Christmas green,#3C8D0D,60,141,13
Christmas green,#007502,0,117,2
Christmas gold,#CAA906,202,169,6
Christmas orange,#FF6600,255,102,0
Christmas orange,#D56C2B,213,108,43
Christmas pink,#FFCCCB,255,204,203
Christmas pink,#E34285,227,66,133
Christmas purple,#663398,102,51,152
Christmas purple,#4D084B,77,8,75
Christmas red,#AA0114,170,1,20
Christmas red,#B01B2E,176,27,46
Christmas silver,#E1DFE0,225,223,224
Christmas yellow,#FFCC00,255,204,0
Christmas yellow,#FEF200,254,242,0
Cinereous,#98817B,152,129,123
Cinnabar,#E34234,227,66,52
Cinnamon[citation needed],#D2691E,210,105,30
Cinnamon Satin,#CD607E,205,96,126
Citrine,#E4D00A,228,208,10
Citrine Brown,#933709,147,55,9
Citron,#9FA91F,159,169,31
Claret,#7F1734,127,23,52
Classic rose,#FBCCE7,251,204,231
Cobalt blue,#0047AB,0,71,171
Cocoa brown,#D2691E,210,105,30
Coconut,#965A3E,150,90,62
Coconut White,#E9EDF6,233,237,246
Coffee,#6F4E37,111,78,55
Cola,#3C3024,60,48,36
Columbia Blue,#C4D8E2,196,216,226
Conditioner,#FFFFCC,255,255,204
Congo pink,#F88379,248,131,121
Cool black,#002E63,0,46,99
Cool grey,#8C92AC,140,146,172
Cookies and cream,#EEE0B1,238,224,177
Copper,#B87333,184,115,51
Copper (Crayola),#DA8A67,218,138,103
Copper penny,#AD6F69,173,111,105
Copper red,#CB6D51,203,109,81
Copper rose,#996666,153,102,102
Coquelicot,#FF3800,255,56,0
Coral,#FF7F50,255,127,80
Coral pink,#F88379,248,131,121
Coral red,#FF4040,255,64,64
Coral reef,#FD7C6E,253,124,110
Coral Reef (Valspar Paint Color),#F6A494,246,164,148
Cordovan,#893F45,137,63,69
Corn,#FBEC5D,251,236,93
Cornell red,#B31B1B,179,27,27
Cornflower blue,#6495ED,100,149,237
Cornflower,#93CCEA,147,204,234
Cornsilk,#FFF8DC,255,248,220
Cosmic cobalt,#2E2D88,46,45,136
Cosmic latte,#FFF8E7,255,248,231
Coyote brown,#81613C,129,97,60
Cotton candy,#FFBCD9,255,188,217
Cream,#FFFDD0,255,253,208
Crimson,#DC143C,220,20,60
Crimson glory,#BE0032,190,0,50
Crimson red,#990000,153,0,0
Crystal,#A7D8DE,167,216,222
Crystal blue,#68A0B0,104,160,176
Cultured,#F5F5F5,245,245,245
Cyan,#00FFFF,0,255,255
Cyan azure,#4E82B4,78,130,180
Cyan-blue azure,#4682BF,70,130,191
Cyan cobalt blue,#28589C,40,88,156
Cyan cornflower blue,#188BC2,24,139,194
Cyan (process),#00B7EB,0,183,235
Cyber grape,#58427C,88,66,124
Cyber yellow,#FFD300,255,211,0
Cyclamen,#F56FA1,245,111,161
Daffodil,#FFFF31,255,255,49
Dandelion,#F0E130,240,225,48
Dandelion (Crayola),#FDDB6D,253,219,109
Dark blue,#00008B,0,0,139
Dark blue-gray,#666699,102,102,153
Dark bronze,#804A00,128,74,0
Dark bronze (Coin),#514100,81,65,0
Dark brown,#654321,101,67,33
Dark brown-tangelo,#88654E,136,101,78
Dark byzantium,#5D3954,93,57,84
Dark candy apple red,#A40000,164,0,0
Dark cerulean,#08457E,8,69,126
Dark charcoal,#333333,51,51,51
Dark chestnut,#986960,152,105,96
Dark chocolate,#490206,73,2,6
Dark chocolate (Hershey's),#3C1321,60,19,33
Dark cornflower blue,#26428B,38,66,139
Dark coral,#CD5B45,205,91,69
Dark cyan,#008B8B,0,139,139
Dark electric blue,#536878,83,104,120
Dark gold,#AA6C39,170,108,57
Dark goldenrod,#B8860B,184,134,11
Dark gray (X11),#A9A9A9,169,169,169
Dark green,#013220,1,50,32
Dark green (X11),#006400,0,100,0
Dark gunmetal,#1F262A,31,38,42
Dark imperial blue,#00416A,0,65,106
Dark imperial blue,#00147E,0,20,126
Dark jungle green,#1A2421,26,36,33
Dark khaki,#BDB76B,189,183,107
Dark lava,#483C32,72,60,50
Dark lavender,#734F96,115,79,150
Dark lemon lime,#8BBE1B,139,190,27
Dark liver,#534B4F,83,75,79
Dark liver (horses),#543D37,84,61,55
Dark magenta,#8B008B,139,0,139
Dark medium gray,#A9A9A9,169,169,169
Dark midnight blue,#003366,0,51,102
Dark moss green,#4A5D23,74,93,35
Dark Navy,#02075D,2,7,93
Dark olive green,#556B2F,85,107,47
Dark orange,#FF8C00,255,140,0
Dark orchid,#9932CC,153,50,204
Dark pastel blue,#779ECB,119,158,203
Dark pastel green,#03C03C,3,192,60
Dark pastel purple,#966FD6,150,111,214
Dark pastel red,#C23B22,194,59,34
Dark pink,#E75480,231,84,128
Dark powder blue,#003399,0,51,153
Dark puce,#4F3A3C,79,58,60
Dark purple,#301934,48,25,52
Dark raspberry,#872657,135,38,87
Dark red,#8B0000,139,0,0
Dark salmon,#E9967A,233,150,122
Dark scarlet,#560319,86,3,25
Dark sea green,#8FBC8F,143,188,143
Dark sienna,#3C1414,60,20,20
Dark silver,#71706E,113,112,110
Dark sky blue,#8CBED6,140,190,214
Dark slate blue,#483D8B,72,61,139
Dark slate gray,#2F4F4F,47,79,79
Dark spring green,#177245,23,114,69
Dark tan,#918151,145,129,81
Dark tangerine,#FFA812,255,168,18
Dark taupe,#483C32,72,60,50
Dark terra cotta,#CC4E5C,204,78,92
Dark turquoise,#00CED1,0,206,209
Dark vanilla,#D1BEA8,209,190,168
Dark violet,#9400D3,148,0,211
Dark yellow,#9B870C,155,135,12
Dartmouth green,#00703C,0,112,60
Davy's grey,#555555,85,85,85
Debian red,#D70A53,215,10,83
Deep amethyst,#9C8AA4,156,138,164
Deep aquamarine,#40826D,64,130,109
Deep carmine,#A9203E,169,32,62
Deep carmine pink,#EF3038,239,48,56
Deep carrot orange,#E9692C,233,105,44
Deep cerise,#DA3287,218,50,135
Deep champagne,#FAD6A5,250,214,165
Deep chestnut,#B94E48,185,78,72
Deep coffee,#704241,112,66,65
Deep dumpling,#9B351B,155,53,27
Deep fuchsia,#C154C1,193,84,193
Deep green,#056608,5,102,8
Deep green-cyan turquoise,#0E7C61,14,124,97
Deep jungle green,#004B49,0,75,73
Deep koamaru,#333366,51,51,102
Deep lemon,#F5C71A,245,199,26
Deep lilac,#9955BB,153,85,187
Deep magenta,#CC00CC,204,0,204
Deep maroon,#820000,130,0,0
Deep mauve,#D473D4,212,115,212
Deep moss green,#355E3B,53,94,59
Deep peach,#FFCBA4,255,203,164
Deep pink,#FF1493,255,20,147
Deep puce,#A95C68,169,92,104
Deep red,#850101,133,1,1
Deep ruby,#843F5B,132,63,91
Deep saffron,#FF9933,255,153,51
Deep sky blue,#00BFFF,0,191,255
Deep Space Sparkle,#4A646C,74,100,108
Deep spring bud,#556B2F,85,107,47
Deep taupe,#7E5E60,126,94,96
Deep Tuscan red,#66424D,102,66,77
Deep violet,#330066,51,0,102
Deer,#BA8759,186,135,89
Denim,#1560BD,21,96,189
Denim blue,#2243B6,34,67,182
Desaturated cyan,#669999,102,153,153
Desert,#C19A6B,193,154,107
Desert sand,#EDC9AF,237,201,175
Desire,#EA3C53,234,60,83
Diamond,#B9F2FF,185,242,255
Dim gray,#696969,105,105,105
Dingy Dungeon,#C53151,197,49,81
Dirt,#9B7653,155,118,83
Dirty brown,#B5651E,181,101,30
Dirty white,#E8E4C9,232,228,201
Dodger blue,#1E90FF,30,144,255
Dodie yellow,#FEF65B,254,246,91
Dogwood rose,#D71868,215,24,104
Dollar bill,#85BB65,133,187,101
Dolphin gray,#828E84,130,142,132
Douban Blue,#2496CD,36,150,205
Douban Green,#2E963D,46,150,61
Douban Light Yellow,#F7C58E,247,197,142
Drab,#967117,150,113,23
Duke blue,#00009C,0,0,156
Durian,#B07939,176,121,57
Durian White,#E6D0AB,230,208,171
Durian Yellow,#E1BD27,225,189,39
Dust storm,#E5CCC9,229,204,201
Dutch white,#EFDFBB,239,223,187
Earthtone,#5D3A1A,93,58,26
Earth yellow,#E1A95F,225,169,95
Ebony,#555D50,85,93,80
Ecru,#C2B280,194,178,128
Eerie black,#1B1B1B,27,27,27
Eggplant,#614051,97,64,81
Eggshell,#F0EAD6,240,234,214
Egyptian blue,#1034A6,16,52,166
Elderberry,#17182B,23,24,43
Electric blue,#7DF9FF,125,249,255
Electric brown,#B56257,181,98,87
Electric crimson,#FF003F,255,0,63
Electric cyan,#00FFFF,0,255,255
Electric green,#00FF00,0,255,0
Electric indigo,#6F00FF,111,0,255
Electric lavender,#F4BBFF,244,187,255
Electric lime,#CCFF00,204,255,0
Electric orange,#FF3503,255,53,3
Electric pink,#F62681,246,38,129
Electric purple,#BF00FF,191,0,255
Electric red,#E60000,230,0,0
Electric ultramarine,#3F00FF,63,0,255
Electric violet,#8F00FF,143,0,255
Electric yellow,#FFFF33,255,255,51
Emerald,#50C878,80,200,120
Emerald green,#046307,4,99,7
Eminence,#6C3082,108,48,130
English green,#1B4D3E,27,77,62
English lavender,#B48395,180,131,149
English red,#AB4B52,171,75,82
English vermillion,#CC474B,204,71,75
English violet,#563C5C,86,60,92
Eton blue,#96C8A2,150,200,162
Eucalyptus,#44D7A8,68,215,168
Facebook Blue,#39569C,57,86,156
Fallow,#C19A6B,193,154,107
Falu red,#801818,128,24,24
Fandango,#B53389,181,51,137
Fandango pink,#DE5285,222,82,133
Fashion fuchsia,#F400A1,244,0,161
Fawn,#E5AA70,229,170,112
Feldgrau,#4D5D53,77,93,83
Feldspar,#FDD5B1,253,213,177
Fern green,#4F7942,79,121,66
Ferrari red,#FF2800,255,40,0
Field drab,#6C541E,108,84,30
Fiery rose,#FF5470,255,84,112
Firebrick,#B22222,178,34,34
Fire engine red,#CE2029,206,32,41
Fire opal,#E95C4B,233,92,75
Flame,#E25822,226,88,34
Flamingo pink,#FC8EAC,252,142,172
Flattery,#6B4423,107,68,35
Flavescent,#F7E98E,247,233,142
Flax,#EEDC82,238,220,130
Flesh,#FFE9D1,255,233,209
Flickr Blue,#216BD6,33,107,214
Flickr Pink,#FB0081,251,0,129
Flirt,#A2006D,162,0,109
Floral white,#FFFAF0,255,250,240
Flower girl,#F498AD,244,152,173
Fluorescent blue,#15F4EE,21,244,238
Fluorescent orange,#FFBF00,255,191,0
Fluorescent pink,#FF1493,255,20,147
Fluorescent yellow,#CCFF00,204,255,0
Folly,#FF004F,255,0,79
Forest green (Crayola),#5FA777,95,167,119
Forest green (traditional),#014421,1,68,33
Forest green (web),#228B22,34,139,34
French beige,#A67B5B,166,123,91
French bistre,#856D4D,133,109,77
French blue,#0072BB,0,114,187
French fuchsia,#FD3F92,253,63,146
French lilac,#86608E,134,96,142
French lime,#9EFD38,158,253,56
French mauve,#D473D4,212,115,212
French pink,#FD6C9E,253,108,158
French plum,#811453,129,20,83
French puce,#4E1609,78,22,9
French raspberry,#C72C48,199,44,72
French rose,#F64A8A,246,74,138
French sky blue,#77B5FE,119,181,254
French violet,#8806CE,136,6,206
French wine,#AC1E44,172,30,68
Fresh Air,#A6E7FF,166,231,255
Frostbite,#E936A7,233,54,167
Fuchsia,#FF00FF,255,0,255
Fuchsia (Crayola),#C154C1,193,84,193
Fuchsia pink,#FF77FF,255,119,255
Fuchsia purple,#CC397B,204,57,123
Fuchsia rose,#C74375,199,67,117
Fulvous,#E48400,228,132,0
Fuzzy Wuzzy,#CC6666,204,102,102
Gainsboro,#DCDCDC,220,220,220
Gamboge,#E49B0F,228,155,15
Gamboge orange (brown),#996600,153,102,0
Garnet,#733635,115,54,53
Gargoyle Gas,#FFDF46,255,223,70
Generic viridian,#007F66,0,127,102
Ghost white,#F8F8FF,248,248,255
Giant's Club,#B05C52,176,92,82
Giants orange,#FE5A1D,254,90,29
Gin,#D8E4BC,216,228,188
Glaucous,#6082B6,96,130,182
Glossy grape,#AB92B3,171,146,179
GO green,#00AB66,0,171,102
Gold,#A57C00,165,124,0
Gold (metallic),#D4AF37,212,175,55
Gold (web) (Golden),#FFD700,255,215,0
Gold (Crayola),#E6BE8A,230,190,138
Gold Fusion,#85754E,133,117,78
Gold foil,#BD9B16,189,155,22
Golden brown,#996515,153,101,21
Golden poppy,#FCC200,252,194,0
Golden yellow,#FFDF00,255,223,0
Goldenrod,#DAA520,218,165,32
Google Chrome red,#DE5246,222,82,70
Google Chrome blue,#4C8BF5,76,139,245
Google Chrome green,#1AA260,26,162,96
Google Chrome yellow,#FFCE44,255,206,68
Granite gray,#676767,103,103,103
Granny Smith apple,#A8E4A0,168,228,160
Grape,#6F2DA8,111,45,168
Gray (HTML/CSS gray),#808080,128,128,128
Gray (X11 gray),#BEBEBE,190,190,190
Gray-asparagus,#465945,70,89,69
Gray-blue,#8C92AC,140,146,172
Green,#008001,0,128,1
Green (Color Wheel) (X11 green),#00FF00,0,255,0
Green (Crayola),#1CAC78,28,172,120
Green (HTML/CSS color),#008000,0,128,0
Green (Munsell),#00A877,0,168,119
Green (NCS),#009F6B,0,159,107
Green (Pantone),#00AD43,0,173,67
Green (pigment),#00A550,0,165,80
Green (RYB),#66B032,102,176,50
Green-blue,#1164B4,17,100,180
Green-blue (Crayola),#2887C8,40,135,200
Green Cola,#4C721D,76,114,29
Green-cyan,#009966,0,153,102
Green Lizard,#A7F432,167,244,50
Green Sheen,#6EAEA1,110,174,161
Green slime,#65FF00,101,255,0
Green-yellow,#ADFF2F,173,255,47
Green-yellow (Crayola),#F0E891,240,232,145
Grullo,#A99A86,169,154,134
Guppie green,#00FF7F,0,255,127
Gunmetal,#2A3439,42,52,57
Guyabano,#F8F8F8,248,248,248
Halayà úbe,#663854,102,56,84
Halloween orange,#EB6123,235,97,35
Han blue,#446CCF,68,108,207
Han purple,#5218FA,82,24,250
Hansa yellow,#E9D66B,233,214,107
Harlequin,#3FFF00,63,255,0
Harlequin green,#46CB18,70,203,24
Harmonious rose,#F29CB7,242,156,183
Harvard crimson,#C90016,201,0,22
Harvest gold,#DA9100,218,145,0
Hawaii blue,#00C3E3,0,195,227
Heart gold,#808000,128,128,0
Heat Wave,#FF7A00,255,122,0
Heidelberg red[2],#960018,150,0,24
Heliotrope,#DF73FF,223,115,255
Heliotrope gray,#AA98A9,170,152,169
Heliotrope magenta,#AA00BB,170,0,187
Hollywood cerise,#F400A1,244,0,161
Honeydew,#F0FFF0,240,255,240
Honolulu blue,#006DB0,0,109,176
Hooker's green,#49796B,73,121,107
Hot magenta,#FF1DCE,255,29,206
Hot pink,#FF69B4,255,105,180
Huawei Red,#CF0A2C,207,10,44
Huawei Red (1987-2018),#ED1C24,237,28,36
Hunter green,#355E3B,53,94,59
Iceberg,#71A6D2,113,166,210
Iced tea,#923C01,146,60,1
Icterine,#FCF75E,252,247,94
Iguana green,#71BC78,113,188,120
Illuminating emerald,#319177,49,145,119
Imperial,#602F6B,96,47,107
Imperial blue,#002395,0,35,149
Imperial purple,#66023C,102,2,60
Imperial red,#ED2939,237,41,57
Inchworm,#B2EC5D,178,236,93
Independence,#4C516D,76,81,109
India green,#138808,19,136,8
Indian red,#CD5C5C,205,92,92
Indian yellow,#E3A857,227,168,87
Indigo,#4B0082,75,0,130
Indigo blue,#00416A,0,65,106
Indigo dye,#091F92,9,31,146
Indigo (rainbow),#233067,35,48,103
Indigo (web),#4B0082,75,0,130
Infra red,#FF496C,255,73,108
Interdimensional blue,#360CCC,54,12,204
International Klein Blue,#002FA7,0,47,167
International orange (aerospace),#FF4F00,255,79,0
International orange (engineering),#BA160C,186,22,12
International orange (Golden Gate Bridge),#C0362C,192,54,44
Iris,#5A4FCF,90,79,207
Iron,#A19D94,161,157,148
Irresistible,#B3446C,179,68,108
Isabelline,#F4F0EC,244,240,236
Islamic green,#009000,0,144,0
Italian sky blue,#B2FFFF,178,255,255
Ivory,#FFFFF0,255,255,240
Jacarta,#3D325D,61,50,93
Jacko bean,#413628,65,54,40
Jade,#00A86B,0,168,107
Japanese carmine,#9D2933,157,41,51
Japanese indigo,#264348,38,67,72
Japanese laurel,#2F7532,47,117,50
Japanese violet,#5B3256,91,50,86
Jasmine,#F8DE7E,248,222,126
Jasper,#D73B3E,215,59,62
Jasper orange,#DE8F4E,222,143,78
Jazzberry jam,#A50B5E,165,11,94
Jelly bean,#DA614E,218,97,78
Jelly bean blue,#44798E,68,121,142
Jet,#343434,52,52,52
Jet stream,#BBD0C9,187,208,201
Jonquil,#F4CA16,244,202,22
Jordy blue,#8AB9F1,138,185,241
June bud,#BDDA57,189,218,87
Jungle green,#29AB87,41,171,135
Kelly green,#4CBB17,76,187,23
Kenyan copper,#7C1C05,124,28,5
Keppel,#3AB09E,58,176,158
Key lime,#E8F48C,232,244,140
Khaki (HTML/CSS) (Khaki),#C3B091,195,176,145
Khaki (X11) (Light khaki),#F0E68C,240,230,140
Kiwi,#8EE53F,142,229,63
Kobe,#882D17,136,45,23
Kobi,#E79FC4,231,159,196
Kobicha,#6B4423,107,68,35
Kombu green,#354230,53,66,48
KSU purple,#512888,81,40,136
KU crimson,#E8000D,232,0,13
La Salle green,#087830,8,120,48
Languid lavender,#D6CADD,214,202,221
Lapis lazuli,#26619C,38,97,156
Laser lemon,#FFFF66,255,255,102
Laurel green,#A9BA9D,169,186,157
Lava,#CF1020,207,16,32
Lavender (floral),#B57EDC,181,126,220
Lavender (web),#E6E6FA,230,230,250
Lavender blue,#CCCCFF,204,204,255
Lavender blush,#FFF0F5,255,240,245
Lavender gray,#C4C3D0,196,195,208
Lavender indigo,#9457EB,148,87,235
Lavender magenta,#EE82EE,238,130,238
Lavender mist,#E6E6FA,230,230,250
Lavender pink,#FBAED2,251,174,210
Lavender purple,#967BB6,150,123,182
Lavender rose,#FBA0E3,251,160,227
Lawn green,#7CFC00,124,252,0
Lemon,#FFF700,255,247,0
Lemon chiffon,#FFFACD,255,250,205
Lemon curry,#CCA01D,204,160,29
Lemon glacier,#FDFF00,253,255,0
Lemon meringue,#F6EABE,246,234,190
Lemon yellow,#FFF44F,255,244,79
Lemon yellow (Crayola),#FFFF9F,255,255,159
Lenurple,#BA93D8,186,147,216
Liberty,#545AA7,84,90,167
Licorice,#1A1110,26,17,16
Light apricot,#FDD5B1,253,213,177
Light blue,#ADD8E6,173,216,230
Light brown,#B5651D,181,101,29
Light carmine pink,#E66771,230,103,113
Light chocolate cosmos,#551F2F,85,31,47
Light cobalt blue,#88ACE0,136,172,224
Light coral,#F08080,240,128,128
Light cornflower blue,#93CCEA,147,204,234
Light crimson,#F56991,245,105,145
Light cyan,#E0FFFF,224,255,255
Light deep pink,#FF5CCD,255,92,205
Light French beige,#C8AD7F,200,173,127
Light fuchsia pink,#F984EF,249,132,239
Light gold,#B29700,178,151,0
Light goldenrod yellow,#FAFAD2,250,250,210
Light gray,#D3D3D3,211,211,211
Light grayish magenta,#CC99CC,204,153,204
Light green,#90EE90,144,238,144
Light hot pink,#FFB3DE,255,179,222
Light khaki,#F0E68C,240,230,140
Light magenta,#FF80FF,255,128,255
Light medium orchid,#D39BCB,211,155,203
Light moss green,#ADDFAD,173,223,173
Light orange,#FED8B1,254,216,177
Light orchid,#E6A8D7,230,168,215
Light pastel purple,#B19CD9,177,156,217
Light periwinkle,#C5CBE1,197,203,225
Light pink,#FFB6C1,255,182,193
Light red,#FFCCCB,255,204,203
Light red ochre,#E97451,233,116,81
Light salmon,#FFA07A,255,160,122
Light salmon pink,#FF9999,255,153,153
Light sea green,#20B2AA,32,178,170
Light silver,#D8D8D8,216,216,216
Light sky blue,#87CEFA,135,206,250
Light slate gray,#778899,119,136,153
Light steel blue,#B0C4DE,176,196,222
Light taupe,#B38B6D,179,139,109
Light Thulian pink,#E68FAC,230,143,172
Light yellow,#FFFFE0,255,255,224
Lilac,#C8A2C8,200,162,200
Lilac Luster,#AE98AA,174,152,170
Lime (color wheel),#BFFF00,191,255,0
Lime (web) (X11 green),#00FF00,0,255,0
Lime green,#32CD32,50,205,50
Limerick,#9DC209,157,194,9
Lincoln green,#195905,25,89,5
Linen,#FAF0E6,250,240,230
Linkedin Blue,#0072B1,0,114,177
Lion,#C19A6B,193,154,107
Liseran purple,#DE6FA1,222,111,161
Little boy blue,#6CA0DC,108,160,220
Little girl pink,#F8B9D4,248,185,212
Liver,#674C47,103,76,71
Liver (dogs),#B86D29,184,109,41
Liver (organ),#6C2E1F,108,46,31
Liver chestnut,#987456,152,116,86
Livid,#6699CC,102,153,204
Lotion,#FEFDFA,254,253,250
Lumber,#FFE4CD,255,228,205
Lust,#E62020,230,32,32
Lychee,#DC5349,220,83,73
Maastricht blue,#001C3D,0,28,61
Macaroni and Cheese,#FFBD88,255,189,136
Madder Lake,#CC3336,204,51,54
Magenta,#FF00FF,255,0,255
Magenta (Crayola),#FF55A3,255,85,163
Magenta (dye),#CA1F7B,202,31,123
Magenta (Pantone),#D0417E,208,65,126
Magenta (process),#FF0090,255,0,144
Magenta haze,#9F4576,159,69,118
Magenta-pink,#CC338B,204,51,139
Magic mint,#AAF0D1,170,240,209
Magic Potion,#FF4466,255,68,102
Magnolia,#F8F4FF,248,244,255
Mahogany,#C04000,192,64,0
Maize,#FBEC5D,251,236,93
Maize (Crayola),#F2C649,242,198,73
Majorelle blue,#6050DC,96,80,220
Malachite,#0BDA51,11,218,81
Manatee,#979AAA,151,154,170
Mandarin,#F37A48,243,122,72
Mango green,#96FF00,150,255,0
Mango Tango,#FF8243,255,130,67
Mantis,#74C365,116,195,101
Mardi Gras,#880085,136,0,133
Marigold,#EAA221,234,162,33
Maroon (Crayola),#C32148,195,33,72
Maroon (HTML/CSS),#800000,128,0,0
Maroon (X11),#B03060,176,48,96
Mauve,#E0B0FF,224,176,255
Mauve taupe,#915F6D,145,95,109
Mauvelous,#EF98AA,239,152,170
Maximum blue,#47ABCC,71,171,204
Maximum blue green,#30BFBF,48,191,191
Maximum blue purple,#ACACE6,172,172,230
Maximum green,#5E8C31,94,140,49
Maximum green yellow,#D9E650,217,230,80
Maximum purple,#733380,115,51,128
Maximum red,#D92121,217,33,33
Maximum red purple,#A63A79,166,58,121
Maximum yellow,#FAFA37,250,250,55
Maximum yellow red,#F2BA49,242,186,73
May green,#4C9141,76,145,65
Maya blue,#73C2FB,115,194,251
Meat brown,#E5B73B,229,183,59
Medium aquamarine,#66DDAA,102,221,170
Medium blue,#0000CD,0,0,205
Medium candy apple red,#E2062C,226,6,44
Medium carmine,#AF4035,175,64,53
Medium champagne,#F3E5AB,243,229,171
Medium electric blue,#035096,3,80,150
Medium jungle green,#1C352D,28,53,45
Medium lavender magenta,#DDA0DD,221,160,221
Medium orchid,#BA55D3,186,85,211
Medium Persian blue,#0067A5,0,103,165
Medium purple,#9370DB,147,112,219
Medium red-violet,#BB3385,187,51,133
Medium ruby,#AA4069,170,64,105
Medium sea green,#3CB371,60,179,113
Medium sky blue,#80DAEB,128,218,235
Medium slate blue,#7B68EE,123,104,238
Medium spring bud,#C9DC87,201,220,135
Medium spring green,#00FA9A,0,250,154
Medium taupe,#674C47,103,76,71
Medium turquoise,#48D1CC,72,209,204
Medium Tuscan red,#79443B,121,68,59
Medium vermilion,#D9603B,217,96,59
Medium violet-red,#C71585,199,21,133
Mellow apricot,#F8B878,248,184,120
Mellow yellow,#F8DE7E,248,222,126
Melancholy,#FDBCB4,253,188,180
Menthol,#C1F9A2,193,249,162
Metallic blue,#32527B,50,82,123
Metallic bronze,#A97142,169,113,66
Metallic brown,#AC4313,172,67,19
Metallic gold,#D3AF37,211,175,55
Metallic green,#296E01,41,110,1
Metallic orange,#DA680F,218,104,15
Metallic pink,#EDA6C4,237,166,196
Metallic red,#A62C2B,166,44,43
Metallic Seaweed,#0A7E8C,10,126,140
Metallic silver,#A8A9AD,168,169,173
Metallic Sunburst,#9C7C38,156,124,56
Metallic violet,#5B0A91,91,10,145
Metallic yellow,#FDCC0D,253,204,13
Mexican pink,#E4007C,228,0,124
Microsoft red,#F04E1F,240,78,31
Microsoft blue,#00A2ED,0,162,237
Microsoft green,#7DB700,125,183,0
Microsoft yellow,#FDB900,253,185,0
Microsoft Edge blue,#0078D7,0,120,215
Middle blue,#7ED4E6,126,212,230
Middle blue green,#8DD9CC,141,217,204
Middle blue purple,#8B72BE,139,114,190
Middle grey,#8B8680,139,134,128
Middle green,#4D8C57,77,140,87
Middle green yellow,#ACBF60,172,191,96
Middle purple,#D982B5,217,130,181
Middle red,#E58E73,229,142,115
Middle red purple,#A55353,165,83,83
Middle yellow,#FFEB00,255,235,0
Middle yellow red,#ECB176,236,177,118
Midnight,#702670,112,38,112
Midnight blue,#191970,25,25,112
Midnight blue,#00468C,0,70,140
Midnight green (eagle green),#004953,0,73,83
Mikado yellow,#FFC40C,255,196,12
Milk,#FDFFF5,253,255,245
Milk chocolate,#84563C,132,86,60
Mimi pink,#FFDAE9,255,218,233
Mindaro,#E3F988,227,249,136
Ming,#36747D,54,116,125
Minion yellow,#F5E050,245,224,80
Mint,#3EB489,62,180,137
Mint cream,#F5FFFA,245,255,250
Mint green,#98FF98,152,255,152
Misty moss,#BBB477,187,180,119
Misty rose,#FFE4E1,255,228,225
Moccasin,#FAEBD7,250,235,215
Mocha,#BEA493,190,164,147
Mode beige,#967117,150,113,23
Moonstone,#3AA8C1,58,168,193
Moonstone blue,#73A9C2,115,169,194
Mordant red 19,#AE0C00,174,12,0
Morning blue,#8DA399,141,163,153
Moss green,#8A9A5B,138,154,91
Mountain Meadow,#30BA8F,48,186,143
Mountbatten pink,#997A8D,153,122,141
MSU green,#18453B,24,69,59
Mud,#70543E,112,84,62
Mughal green,#306030,48,96,48
Mulberry,#C54B8C,197,75,140
Mulberry (Crayola),#C8509B,200,80,155
Mummy's Tomb,#828E84,130,142,132
Mustard,#FFDB58,255,219,88
Mustard brown,#CD7A00,205,122,0
Mustard green,#6E6E30,110,110,48
Mustard yellow,#E1AD01,225,173,1
Myrtle green,#317873,49,120,115
Mystic,#D65282,214,82,130
Mystic maroon,#AD4379,173,67,121
Mystic red,#FF5500,255,85,0
Nadeshiko pink,#F6ADC6,246,173,198
Napier green,#2A8000,42,128,0
Naples yellow,#FADA5E,250,218,94
Navajo white,#FFDEAD,255,222,173
Navy blue,#000080,0,0,128
Navy blue (Crayola),#1974D2,25,116,210
Neon blue,#1B03A3,27,3,163
Neon green,#39FF14,57,255,20
New Car,#214FC6,33,79,198
New York pink,#D7837F,215,131,127
Nickel,#727472,114,116,114
Nintendo red,#E4000F,228,0,15
Non-photo blue,#A4DDED,164,221,237
North Texas green,#059033,5,144,51
Nyanza,#E9FFDB,233,255,219
Ocean Blue,#4F42B5,79,66,181
Ocean boat blue,#0077BE,0,119,190
Ocean green,#48BF91,72,191,145
Ochre,#CC7722,204,119,34
Office green,#008000,0,128,0
Ogre Odor,#FD5240,253,82,64
Old burgundy,#43302E,67,48,46
Old gold,#CFB53B,207,181,59
Old heliotrope,#563C5C,86,60,92
Old lace,#FDF5E6,253,245,230
Old lavender,#796878,121,104,120
Old mauve,#673147,103,49,71
Old moss green,#867E36,134,126,54
Old rose,#C08081,192,128,129
Old silver,#848482,132,132,130
Olive,#808000,128,128,0
Olive Drab (#3),#6B8E23,107,142,35
Olive Drab #7,#3C341F,60,52,31
Olive green,#B5B35C,181,179,92
Olivine,#9AB973,154,185,115
Onyx,#353839,53,56,57
Opal,#A8C3BC,168,195,188
Opera Red,#FF1B2D,255,27,45
Opera mauve,#B784A7,183,132,167
Orange,#FF6600,255,102,0
Orange (color wheel),#FF7F00,255,127,0
Orange (Crayola),#FF7538,255,117,56
Orange (Pantone),#FF5800,255,88,0
Orange (RYB),#FB9902,251,153,2
Orange (web),#FFA500,255,165,0
Orange peel,#FF9F00,255,159,0
Orange-red,#FF681F,255,104,31
Orange-red (Crayola),#FF5349,255,83,73
Orange soda,#FA5B3D,250,91,61
Orange soda,#EB593D,235,89,61
Orange-yellow,#F5BD1F,245,189,31
Orange-yellow (Crayola),#F8D568,248,213,104
Orchid,#DA70D6,218,112,214
Orchid pink,#F2BDCD,242,189,205
Orchid (Crayola),#E29CD2,226,156,210
Orioles orange,#FB4F14,251,79,20
Otter brown,#654321,101,67,33
Outer space,#414A4C,65,74,76
Outer space (Crayola),#2D383A,45,56,58
Outrageous Orange,#FF6E4A,255,110,74
Oxblood,#800020,128,0,32
Oxford blue,#002147,0,33,71
Oxley,#6D9A79,109,154,121
OU Crimson red,#841617,132,22,23
Pacific blue,#1CA9C9,28,169,201
Painite,#6B4947,107,73,71
Pakistan green,#006600,0,102,0
Palatinate blue,#273BE2,39,59,226
Palatinate purple,#682860,104,40,96
Pale aqua,#BCD4E6,188,212,230
Pale blue,#AFEEEE,175,238,238
Pale brown,#987654,152,118,84
Pale carmine,#AF4035,175,64,53
Pale cerulean,#9BC4E2,155,196,226
Pale chestnut,#DDADAF,221,173,175
Pale copper,#DA8A67,218,138,103
Pale cornflower blue,#ABCDEF,171,205,239
Pale cyan,#87D3F8,135,211,248
Pale gold,#E6BE8A,230,190,138
Pale goldenrod,#EEE8AA,238,232,170
Pale green,#98FB98,152,251,152
Pale lavender,#DCD0FF,220,208,255
Pale magenta,#F984E5,249,132,229
Pale magenta-pink,#FF99CC,255,153,204
Pale pink,#FADADD,250,218,221
Pale plum,#DDA0DD,221,160,221
Pale purple (Pantone),#FAE6FA,250,230,250
Pale red-violet,#DB7093,219,112,147
Pale robin egg blue,#96DED1,150,222,209
Pale silver,#C9C0BB,201,192,187
Pale spring bud,#ECEBBD,236,235,189
Pale taupe,#BC987E,188,152,126
Pale turquoise,#AFEEEE,175,238,238
Pale violet,#CC99FF,204,153,255
Pale violet-red,#DB7093,219,112,147
Palm Leaf,#6F9940,111,153,64
Panasonic blue,#0040BE,0,64,190
Pansy purple,#78184A,120,24,74
Paolo Veronese green,#009B7D,0,155,125
Papaya whip,#FFEFD5,255,239,213
Parakeet Blue,#7EB6FF,126,182,255
Paradise pink,#E63E62,230,62,98
Paris Green,#50C878,80,200,120
Parrot Pink,#D998A0,217,152,160
Pastel blue,#AEC6CF,174,198,207
Pastel brown,#836953,131,105,83
Pastel gray,#CFCFC4,207,207,196
Pastel green,#77DD77,119,221,119
Pastel magenta,#F49AC2,244,154,194
Pastel orange,#FFB347,255,179,71
Pastel pink,#DEA5A4,222,165,164
Pastel purple,#B39EB5,179,158,181
Pastel red,#FF6961,255,105,97
Pastel violet,#CB99C9,203,153,201
Pastel yellow,#FDFD96,253,253,150
Patriarch,#800080,128,0,128
Payne's grey,#536878,83,104,120
Peach,#FFE5B4,255,229,180
Peach,#FFCBA4,255,203,164
Peach-orange,#FFCC99,255,204,153
Peach puff,#FFDAB9,255,218,185
Peach Burst,#F39998,243,153,152
Peach-yellow,#FADFAD,250,223,173
Pear,#D1E231,209,226,49
Pearl,#EAE0C8,234,224,200
Pearl Aqua,#88D8C0,136,216,192
Pearly purple,#B768A2,183,104,162
Peridot,#E6E200,230,226,0
Periwinkle,#CCCCFF,204,204,255
Periwinkle (Crayola),#C3CDE6,195,205,230
Permanent Geranium Lake,#E12C2C,225,44,44
Persian blue,#1C39BB,28,57,187
Persian green,#00A693,0,166,147
Persian indigo,#32127A,50,18,122
Persian orange,#D99058,217,144,88
Persian pink,#F77FBE,247,127,190
Persian plum,#701C1C,112,28,28
Persian red,#CC3333,204,51,51
Persian rose,#FE28A2,254,40,162
Persimmon,#EC5800,236,88,0
Peru,#CD853F,205,133,63
Pewter Blue,#8BA8B7,139,168,183
Philippine blue,#0038A7,0,56,167
Philippine bronze,#6E3A07,110,58,7
Philippine brown,#5D1916,93,25,22
Philippine gold,#B17304,177,115,4
Philippine golden yellow,#FFDF00,255,223,0
Philippine gray,#8C8C8C,140,140,140
Philippine green,#008543,0,133,67
Philippine orange,#FF7300,255,115,0
Philippine pink,#FA1A8E,250,26,142
Philippine red,#CE1127,206,17,39
Philippine silver,#B3B3B3,179,179,179
Philippine violet,#81007F,129,0,127
Philippine yellow,#FECB00,254,203,0
Phlox,#DF00FF,223,0,255
Phthalo blue,#000F89,0,15,137
Phthalo green,#123524,18,53,36
Picton blue,#45B1E8,69,177,232
Pictorial carmine,#C30B4E,195,11,78
Piggy pink,#FDDDE6,253,221,230
Pine green,#01796F,1,121,111
Pine tree,#2A2F23,42,47,35
Pineapple,#563C0D,86,60,13
Pink,#FFC0CB,255,192,203
Pink (Pantone),#D74894,215,72,148
Pink Diamond (Ace Hardware Color),#F6D6DE,246,214,222
Pink Diamond (Independent Retailers Colors),#F0D3DC,240,211,220
Pink flamingo,#FC74FD,252,116,253
Pink lace,#FFDDF4,255,221,244
Pink lavender,#D8B2D1,216,178,209
Pink-orange,#FF9966,255,153,102
Pink pearl,#E7ACCF,231,172,207
Pink raspberry,#980036,152,0,54
Pink Sherbet,#F78FA7,247,143,167
Pistachio,#93C572,147,197,114
Pixie Powder,#391285,57,18,133
Platinum,#E5E4E2,229,228,226
Plum,#8E4585,142,69,133
Plum (web),#DDA0DD,221,160,221
Plump Purple,#5946B2,89,70,178
Poker Green,#35654D,53,101,77
Police blue,#374F6B,55,79,107
Polished Pine,#5DA493,93,164,147
Pomegranate,#660C21,102,12,33
Pomelo,#96A53C,150,165,60
Pomelo White,#F9FFE3,249,255,227
Pomelo Olive,#BFBD70,191,189,112
Pomp and Power,#86608E,134,96,142
Poppy Petal,#F6A08C,246,160,140
Popstar,#BE4F62,190,79,98
Portland Orange,#FF5A36,255,90,54
Powder blue,#B0E0E6,176,224,230
Princess Perfume,#FF85CF,255,133,207
Princeton orange,#F58025,245,128,37
Prune,#701C1C,112,28,28
Prussian blue,#003153,0,49,83
Psychedelic purple,#DF00FF,223,0,255
Puce,#CC8899,204,136,153
Puce red,#722F37,114,47,55
Pullman Brown (UPS Brown),#644117,100,65,23
Pullman Green,#3B331C,59,51,28
Pumpkin,#FF7518,255,117,24
Purple (HTML),#800080,128,0,128
Purple (Munsell),#9F00C5,159,0,197
Purple (X11),#A020F0,160,32,240
Purple Heart,#69359C,105,53,156
Purple mountain majesty,#9678B6,150,120,182
Purple navy,#4E5180,78,81,128
Purple pizzazz,#FE4EDA,254,78,218
Purple Plum,#9C51B6,156,81,182
Purple taupe,#50404D,80,64,77
Purpureus,#9A4EAE,154,78,174
Quartz,#51484F,81,72,79
Queen blue,#436B95,67,107,149
Queen pink,#E8CCD7,232,204,215
Quick Silver,#A6A6A6,166,166,166
Quinacridone magenta,#8E3A59,142,58,89
Quincy,#6A5445,106,84,69
Rackley,#5D8AA8,93,138,168
Radical Red,#FF355E,255,53,94
Raisin black,#242124,36,33,36
Rajah,#FBAB60,251,171,96
Rambutan,#C71232,199,18,50
Rambutan Red,#A72127,167,33,39
Raspberry,#E30B5D,227,11,93
Raspberry glace,#915F6D,145,95,109
Raspberry pink,#E25098,226,80,152
Raspberry rose,#B3446C,179,68,108
Raw Sienna,#D68A59,214,138,89
Raw umber,#826644,130,102,68
Razzle dazzle rose,#FF33CC,255,51,204
Razzmatazz,#E3256B,227,37,107
Razzmic Berry,#8D4E85,141,78,133
Rebecca Purple,#663399,102,51,153
Red,#FF0000,255,0,0
Red (Crayola),#EE204D,238,32,77
Red (Munsell),#F2003C,242,0,60
Red (NCS),#C40233,196,2,51
Red (Pantone),#ED2939,237,41,57
Red (pigment),#ED1C24,237,28,36
Red (RYB),#FE2712,254,39,18
Red-brown,#A52A2A,165,42,42
Red cola,#B62020,182,32,32
Red devil,#860111,134,1,17
Red-orange,#FF5349,255,83,73
Red-orange (Crayola),#FF681F,255,104,31
Red-orange (Color wheel),#FF4500,255,69,0
Red-purple,#E40078,228,0,120
Red Salsa,#FD3A4A,253,58,74
Red-violet,#C71585,199,21,133
Red-violet (Crayola),#C0448F,192,68,143
Red-violet (Color wheel),#922B3E,146,43,62
Redwood,#A45A52,164,90,82
Regalia,#522D80,82,45,128
Registration black,#000000,0,0,0
Resolution blue,#002387,0,35,135
Rhythm,#777696,119,118,150
Rich black,#004040,0,64,64
Rich black (FOGRA29),#010B13,1,11,19
Rich black (FOGRA39),#010203,1,2,3
Rich brilliant lavender,#F1A7FE,241,167,254
Rich carmine,#D70040,215,0,64
Rich electric blue,#0892D0,8,146,208
Rich lavender,#A76BCF,167,107,207
Rich lilac,#B666D2,182,102,210
Rich maroon,#B03060,176,48,96
Rifle green,#444C38,68,76,56
Ripe mango,#FFC324,255,195,36
Roast coffee,#704241,112,66,65
Robin egg blue,#00CCCC,0,204,204
Rocket metallic,#8A7F80,138,127,128
Roman silver,#838996,131,137,150
Root beer,#290E05,41,14,5
Rose,#FF007F,255,0,127
Rose bonbon,#F9429E,249,66,158
Rose Dust,#9E5E6F,158,94,111
Rose ebony,#674846,103,72,70
Rose garnet,#960145,150,1,69
Rose gold,#B76E79,183,110,121
Rose madder,#E32636,227,38,54
Rose pink,#FF66CC,255,102,204
Rose quartz,#AA98A9,170,152,169
Rose quartz pink,#BD559C,189,85,156
Rose red,#C21E56,194,30,86
Rose taupe,#905D5D,144,93,93
Rose vale,#AB4E52,171,78,82
Rosewood,#65000B,101,0,11
Rosso corsa,#D40000,212,0,0
Rosy brown,#BC8F8F,188,143,143
Royal azure,#0038A8,0,56,168
Royal blue,#002366,0,35,102
Royal blue,#4169E1,65,105,225
Royal brown,#523B35,82,59,53
Royal fuchsia,#CA2C92,202,44,146
Royal green,#136207,19,98,7
Royal orange,#F99245,249,146,69
Royal pink,#E73895,231,56,149
Royal red,#9B1C31,155,28,49
Royal red,#D00060,208,0,96
Royal purple,#7851A9,120,81,169
Royal yellow,#FADA5E,250,218,94
Ruber,#CE4676,206,70,118
Rubine red,#D10056,209,0,86
Ruby,#E0115F,224,17,95
Ruby red,#9B111E,155,17,30
Ruddy,#FF0028,255,0,40
Ruddy brown,#BB6528,187,101,40
Ruddy pink,#E18E96,225,142,150
Rufous,#A81C07,168,28,7
Russet,#80461B,128,70,27
Russian green,#679267,103,146,103
Russian violet,#32174D,50,23,77
Rust,#B7410E,183,65,14
Rusty red,#DA2C43,218,44,67
Sacramento State green,#043927,4,57,39
Saddle brown,#8B4513,139,69,19
Safety orange,#FF7800,255,120,0
Safety orange (blaze orange),#FF6700,255,103,0
Safety yellow,#EED202,238,210,2
Saffron,#F4C430,244,196,48
Sage,#BCB88A,188,184,138
St. Patrick's blue,#23297A,35,41,122
Salem,#177B4D,23,123,77
Salmon,#FA8072,250,128,114
Salmon pink,#FF91A4,255,145,164
Salmon Rose,#E7968B,231,150,139
Samsung blue,#12279E,18,39,158
Sand,#C2B280,194,178,128
Sand dune,#967117,150,113,23
Sandstorm,#ECD540,236,213,64
Sandy brown,#F4A460,244,164,96
Sandy Tan,#FDD9B5,253,217,181
Sandy taupe,#967117,150,113,23
Sangria,#92000A,146,0,10
Sap green,#507D2A,80,125,42
Sapphire,#0F52BA,15,82,186
Sapphire blue,#0067A5,0,103,165
Sasquatch Socks,#FF4681,255,70,129
Satin sheen gold,#CBA135,203,161,53
Scarlet,#FF2400,255,36,0
Scarlet,#FD0E35,253,14,53
Schauss pink,#FF91AF,255,145,175
School bus yellow,#FFD800,255,216,0
Screamin' Green,#66FF66,102,255,102
Sea blue,#006994,0,105,148
Sea Foam Green,#9FE2BF,159,226,191
Sea green,#2E8B57,46,139,87
Sea green (Crayola),#00FFCD,0,255,205
Sea Serpent,#4BC7CF,75,199,207
Seal brown,#59260B,89,38,11
Seashell,#FFF5EE,255,245,238
Selective yellow,#FFBA00,255,186,0
Sepia,#704214,112,66,20
Sesame Street Green,#00A870,0,168,112
Shadow,#8A795D,138,121,93
Shadow blue,#778BA5,119,139,165
Shampoo,#FFCFF1,255,207,241
Shamrock green,#009E60,0,158,96
Shandy,#FFE670,255,230,112
Sheen green,#8FD400,143,212,0
Shimmering Blush,#D98695,217,134,149
Shiny Shamrock,#5FA778,95,167,120
Shocking pink,#FC0FC0,252,15,192
Shocking pink (Crayola),#FF6FFF,255,111,255
Sienna,#882D17,136,45,23
Silver,#C0C0C0,192,192,192
Silver (Crayola),#C9C0BB,201,192,187
Silver (Metallic),#AAA9AD,170,169,173
Silver chalice,#ACACAC,172,172,172
Silver foil,#AFB1AE,175,177,174
Silver Lake blue,#5D89BA,93,137,186
Silver pink,#C4AEAD,196,174,173
Silver sand,#BFC1C2,191,193,194
Sinopia,#CB410B,203,65,11
Sizzling Red,#FF3855,255,56,85
Sizzling Sunrise,#FFDB00,255,219,0
Skobeloff,#007474,0,116,116
Sky blue,#87CEEB,135,206,235
Sky blue (Crayola),#76D7EA,118,215,234
Sky magenta,#CF71AF,207,113,175
Slate blue,#6A5ACD,106,90,205
Slate gray,#708090,112,128,144
Slimy green,#299617,41,150,23
Smalt (Dark powder blue),#003399,0,51,153
Smashed Pumpkin,#FF6D3A,255,109,58
Smitten,#C84186,200,65,134
Smoke,#738276,115,130,118
Smokey Topaz,#832A0D,131,42,13
Smoky black,#100C08,16,12,8
Smoky Topaz,#933D41,147,61,65
Snow,#FFFAFA,255,250,250
Soap,#CEC8EF,206,200,239
Soldier Green,#545A2C,84,90,44
Solid pink,#893843,137,56,67
Sonic silver,#757575,117,117,117
Spartan Crimson,#9E1316,158,19,22
Space cadet,#1D2951,29,41,81
Spanish bistre,#807532,128,117,50
Spanish blue,#0070B8,0,112,184
Spanish carmine,#D10047,209,0,71
Spanish crimson,#E51A4C,229,26,76
Spanish gray,#989898,152,152,152
Spanish green,#009150,0,145,80
Spanish orange,#E86100,232,97,0
Spanish pink,#F7BFBE,247,191,190
Spanish purple,#66033C,102,3,60
Spanish red,#E60026,230,0,38
Spanish sky blue,#00FFFF,0,255,255
Spanish violet,#4C2882,76,40,130
Spanish viridian,#007F5C,0,127,92
Spanish yellow,#F6B511,246,181,17
Spicy mix,#8B5F4D,139,95,77
Spiro Disco Ball,#0FC0FC,15,192,252
Spring bud,#A7FC00,167,252,0
Spring Frost,#87FF2A,135,255,42
Spring green,#00FF7F,0,255,127
Spring green (Crayola),#ECEBBD,236,235,189
Sprint Red,#EC2131,236,33,49
Sprint Yellow,#FFDD05,255,221,5
Star command blue,#007BB8,0,123,184
Steel blue,#4682B4,70,130,180
Steel pink,#CC33CC,204,51,204
Steel Teal,#5F8A8B,95,138,139
Stil de grain yellow,#FADA5E,250,218,94
Stizza,#990000,153,0,0
Stormcloud,#4F666A,79,102,106
Stone Terrace,#A09484,160,148,132
Straw,#E4D96F,228,217,111
Strawberry,#FC5A8D,252,90,141
Stop red,#CF142B,207,20,43
Strawberry iced tea,#FC5A8D,252,90,141
Strawberry red,#C83F49,200,63,73
Sugar Plum,#914E75,145,78,117
Sunburnt Cyclops,#FF404C,255,64,76
Sunglow,#FFCC33,255,204,51
Sunny,#F2F27A,242,242,122
Sunray,#E3AB57,227,171,87
Sunset,#FAD6A5,250,214,165
Sunset Yellow,#FFC922,255,201,34
Super pink,#CF6BA9,207,107,169
Sweet Brown,#A83731,168,55,49
Sweet Sixteen,#F29EAB,242,158,171
Tan,#D2B48C,210,180,140
Tan (Crayola),#D99A6C,217,154,108
Tangelo,#F94D00,249,77,0
Tangerine,#F28500,242,133,0
Tangerine yellow,#FFCC00,255,204,0
Tango pink,#E4717A,228,113,122
Taobao Orange,#FF4200,255,66,0
Tart Orange,#FB4D46,251,77,70
Taupe,#483C32,72,60,50
Taupe gray,#8B8589,139,133,137
Tea green,#D0F0C0,208,240,192
Tea rose,#F88379,248,131,121
Tea rose,#F4C2C2,244,194,194
Teal,#008080,0,128,128
Teal blue,#367588,54,117,136
Teal deer,#99E6B3,153,230,179
Teal green,#00827F,0,130,127
Telemagenta,#CF3476,207,52,118
Temptress,#3C2126,60,33,38
Tenné (tawny),#CD5700,205,87,0
Terra cotta,#E2725B,226,114,91
Thistle,#D8BFD8,216,191,216
Thistle (Crayola),#EBB0D7,235,176,215
Thulian pink,#DE6FA1,222,111,161
Tickle Me Pink,#FC89AC,252,137,172
Tiffany Blue,#0ABAB5,10,186,181
Tiger's eye,#E08D3C,224,141,60
Timberwolf,#DBD7D2,219,215,210
Titanium,#878681,135,134,129
Titanium yellow,#EEE600,238,230,0
Tomato,#FF6347,255,99,71
Tomato sauce,#B21807,178,24,7
Toolbox,#746CC0,116,108,192
Tooth,#FFFAFA,255,250,250
Topaz,#FFC87C,255,200,124
Tractor red,#FD0E35,253,14,53
Trolley grey,#808080,128,128,128
Tropical rain forest,#00755E,0,117,94
Tropical violet,#CDA4DE,205,164,222
True Blue,#2D68C4,45,104,196
Tufts blue,#3E8EDE,62,142,222
Tulip,#FF878D,255,135,141
Tumbleweed,#DEAA88,222,170,136
Turkish rose,#B57281,181,114,129
Turquoise,#40E0D0,64,224,208
Turquoise blue,#00FFEF,0,255,239
Turquoise green,#A0D6B4,160,214,180
Turquoise Surf,#00C5CD,0,197,205
Turtle green,#8A9A5B,138,154,91
Tuscan,#FAD6A5,250,214,165
Tuscan brown,#6F4E37,111,78,55
Tuscan red,#7C4848,124,72,72
Tuscan tan,#A67B5B,166,123,91
Tuscany,#C09999,192,153,153
Twilight lavender,#8A496B,138,73,107
Twitter blue,#26A7DE,38,167,222
Tyrian purple,#66023C,102,2,60
UA blue,#0033AA,0,51,170
UA red,#D9004C,217,0,76
Ube,#8878C3,136,120,195
UCLA blue,#536895,83,104,149
UCLA gold,#FFB300,255,179,0
UE red,#BA0001,186,0,1
UFO Green,#3CD070,60,208,112
Ultramarine,#3F00FF,63,0,255
Ultramarine blue,#4166F5,65,102,245
Ultra pink,#FF6FFF,255,111,255
Ultra red,#FC6C85,252,108,133
Umber,#635147,99,81,71
Unbleached silk,#FFDDCA,255,221,202
United Nations blue,#5B92E5,91,146,229
University of Alabama Crimson,#9E1B32,158,27,50
University of California Gold,#B78727,183,135,39
University of Georgia Red,#BA0C2F,186,12,47
University of Kentucky Blue,#0033A0,0,51,160
University of Louisville Red,#AD0000,173,0,0
University of Pikeville Orange,#EA6E1E,234,110,30
University of Tennessee Orange,#F77F00,247,127,0
Unmellow yellow,#FFFF66,255,255,102
UP Forest green,#014421,1,68,33
UP maroon,#7B1113,123,17,19
Upsdell red,#AE2029,174,32,41
Urobilin,#E1AD21,225,173,33
USAFA blue,#004F98,0,79,152
USC Cardinal,#990000,153,0,0
USC Gold,#FFCC00,255,204,0
Utah Crimson,#D3003F,211,0,63
Vampire black,#080808,8,8,8
Van Dyke brown,#664228,102,66,40
Vanilla,#F3E5AB,243,229,171
Vanilla ice,#F38FA9,243,143,169
Vegas gold,#C5B358,197,179,88
Venetian red,#C80815,200,8,21
Verdigris,#43B3AE,67,179,174
Verizon Red,#CD040B,205,4,11
Verizon Red (2000-2015),#EC1C24,236,28,36
Vermilion,#E34234,227,66,52
Vermilion,#D9381E,217,56,30
Veronica,#A020F0,160,32,240
Verse green,#18880D,24,136,13
Very light azure,#74BBFB,116,187,251
Very light blue,#6666FF,102,102,255
Very light malachite green,#64E986,100,233,134
Very light tangelo,#FFB077,255,176,119
Very pale orange,#FFDFBF,255,223,191
Very pale yellow,#FFFFBF,255,255,191
Vine Green,#38A32A,56,163,42
Violet,#8F00FF,143,0,255
Violet (color wheel),#7F00FF,127,0,255
Violet (crayola),#963D7F,150,61,127
Violet (RYB),#8601AF,134,1,175
Violet (web),#EE82EE,238,130,238
Violet-blue,#324AB2,50,74,178
Violet-blue (Crayola),#766EC8,118,110,200
Violet-red,#F75394,247,83,148
Violet-red,#891446,137,20,70
Violets Are Blue,#8366F4,131,102,244
Violin Brown,#674403,103,68,3
Viridian,#40826D,64,130,109
Viridian green,#009698,0,150,152
Vista blue,#7C9ED9,124,158,217
Vivaldi Red,#EF3939,239,57,57
Vivid amber,#CC9900,204,153,0
Vivid auburn,#922724,146,39,36
Vivid burgundy,#9F1D35,159,29,53
Vivid cerise,#DA1D81,218,29,129
Vivid cerulean,#00AAEE,0,170,238
Vivid crimson,#CC0033,204,0,51
Vivid gamboge,#FF9900,255,153,0
Vivid lime green,#A6D608,166,214,8
Vivid malachite,#00CC33,0,204,51
Vivid mulberry,#B80CE3,184,12,227
Vivid orange,#FF5F00,255,95,0
Vivid orange peel,#FFA000,255,160,0
Vivid orchid,#CC00FF,204,0,255
Vivid raspberry,#FF006C,255,0,108
Vivid red,#F70D1A,247,13,26
Vivid red-tangelo,#DF6124,223,97,36
Vivid sky blue,#00CCFF,0,204,255
Vivid tangelo,#F07427,240,116,39
Vivid tangerine,#FFA089,255,160,137
Vivid vermilion,#E56024,229,96,36
Vivid violet,#9F00FF,159,0,255
Vivid yellow,#FFE302,255,227,2
Vodka,#BFC0EE,191,192,238
Volt,#CEFF00,206,255,0
Wageningen green,#34B233,52,178,51
Walmart blue,#007DC6,0,125,198
Walmart blue (Truck),#00317E,0,49,126
Walmart blue (Website),#0879C9,8,121,201
Walmart blue (1992–2008),#2F39A8,47,57,168
Walmart blue (1981–1992),#1D2CA0,29,44,160
Walmart blue (1964–1981),#030303,3,3,3
Walmart blue (1962–1964),#0C5DA7,12,93,167
Walmart Market Green,#A8F300,168,243,0
Walmart Neighborhood Market Green,#88C021,136,192,33
Walmart Neighborhood Market Green (2010-2011),#55C500,85,197,0
Walmart Neighborhood Market Green (2008-2010),#327A28,50,122,40
Walmart Neighborhood Market Green (1998-2008),#106B4A,16,107,74
Warm black,#004242,0,66,66
Water,#D4F1F9,212,241,249
Watermelon,#F05C85,240,92,133
Watermelon red,#BF4147,191,65,71
Waterspout,#A4F4F9,164,244,249
Weebly Blue,#1F8EED,31,142,237
Weebly Orange,#FF9A00,255,154,0
Weldon Blue,#7C98AB,124,152,171
Wendy's Red,#DD1438,221,20,56
Wendy's Red (2007-2013),#CD022D,205,2,45
Wendy's Red (1975-2007),#ED1B24,237,27,36
Wendy's Red (1971-1975),#EE3A43,238,58,67
Wendy's Red (1969-1971),#EE3942,238,57,66
Wenge,#645452,100,84,82
Wheat,#F5DEB3,245,222,179
White,#FFFFFF,255,255,255
White chocolate,#EDE6D6,237,230,214
White coffee,#E6E0D4,230,224,212
White smoke,#F5F5F5,245,245,245
Wild blue yonder,#A2ADD0,162,173,208
Wild orchid,#D470A2,212,112,162
Wild Strawberry,#FF43A4,255,67,164
Wild watermelon,#FC6C85,252,108,133
Willpower orange,#FD5800,253,88,0
Windsor tan,#A75502,167,85,2
Wine,#722F37,114,47,55
Wine red,#B11226,177,18,38
Wine dregs,#673147,103,49,71
Winter Sky,#FF007C,255,0,124
Winter Wizard,#A0E6FF,160,230,255
Wintergreen Dream,#56887D,86,136,125
Wisteria,#C9A0DC,201,160,220
Wood brown,#C19A6B,193,154,107
Xanadu,#738678,115,134,120
Xbox Green,#0E7A0D,14,122,13
Xiaomi Orange,#FD4900,253,73,0
Yahoo Japan Red,#FF0033,255,0,51
Yahoo Purple,#4102B0,65,2,176
Yahoo Purple (1995),#7C019A,124,1,154
Yale Blue,#0F4D92,15,77,146
Yankees blue,#1C2841,28,40,65
Yellow,#FFFF00,255,255,0
Yellow (Crayola),#FCE883,252,232,131
Yellow (Munsell),#EFCC00,239,204,0
Yellow (NCS),#FFD300,255,211,0
Yellow (Pantone),#FEDF00,254,223,0
Yellow (process),#FFEF00,255,239,0
Yellow (RYB),#FEFE33,254,254,51
Yellow-green,#9ACD32,154,205,50
Yellow-green (Crayola),#C5E384,197,227,132
Yellow-green (Color Wheel),#30B21A,48,178,26
Yellow Orange,#FFAE42,255,174,66
Yellow Orange (Color Wheel),#FF9505,255,149,5
Yellow rose,#FFF000,255,240,0
Yellow Sunshine,#FFF700,255,247,0
YInMn Blue,#2E5090,46,80,144
Youtube red,#B2071D,178,7,29
Zaffre,#0014A8,0,20,168
Zebra White,#F5F5F5,245,245,245
Zinnwaldite brown,#2C1608,44,22,8
Zomp,#39A78E,57,167,142
ZTE Blue,#4286D2,66,134,210
ZTE Blue (1985-2015),#2056AE,32,86,174
Abbey,#4C4F56,76,79,86
Acadia,#1B1404,27,20,4
Acapulco,#7CB0A1,124,176,161
Acorn,#6A5D1B,106,93,27
Aero Blue,#C9FFE5,201,255,229
Affair,#714693,113,70,147
Afghan Tan,#86560A,134,86,10
Akaroa,#D4C4A8,212,196,168
Alabaster,#FFFFFF,255,255,255
Albescent White,#F5E9D3,245,233,211
Alert Tan,#9B4703,155,71,3
Allports,#0076A3,0,118,163
Almond Frost,#907B71,144,123,113
Alpine,#AF8F2C,175,143,44
Alto,#DBDBDB,219,219,219
Aluminium,#A9ACB6,169,172,182
Americano,#87756E,135,117,110
Amethyst Smoke,#A397B4,163,151,180
Amour,#F9EAF3,249,234,243
Amulet,#7B9F80,123,159,128
Anakiwa,#9DE5FF,157,229,255
Antique Brass,#704A07,112,74,7
Anzac,#E0B646,224,182,70
Apache,#DFBE6F,223,190,111
Apple,#4FA83D,79,168,61
Apple Blossom,#AF4D43,175,77,67
Apple Green,#E2F3EC,226,243,236
Apricot,#EB9373,235,147,115
Apricot White,#FFFEEC,255,254,236
Aqua,#A1DAD7,161,218,215
Aqua Haze,#EDF5F5,237,245,245
Aqua Spring,#EAF9F5,234,249,245
Aqua Squeeze,#E8F5F2,232,245,242
Aquamarine,#014B43,1,75,67
Arapawa,#110C6C,17,12,108
Armadillo,#433E37,67,62,55
Arrowtown,#948771,148,135,113
Ash,#C6C3B5,198,195,181
Ash Brown,#2E1905,46,25,5
Asphalt,#130A06,19,10,6
Astra,#FAEAB9,250,234,185
Astral,#327DA0,50,125,160
Astronaut,#283A77,40,58,119
Astronaut Blue,#013E62,1,62,98
Athens Grey,#EEF0F3,238,240,243
Aths Special,#ECEBCE,236,235,206
Atlantis,#97CD2D,151,205,45
Atoll,#0A6F75,10,111,117
Atomic,#314459,49,68,89
Au Chico,#97605D,151,96,93
Aubergine,#3B0910,59,9,16
Australian Mint,#F5FFBE,245,255,190
Avocado,#888D65,136,141,101
Axolotl,#4E6649,78,102,73
Azalea,#F7C8DA,247,200,218
Aztec,#0D1C19,13,28,25
Azure,#315BA1,49,91,161
Bahama Blue,#026395,2,99,149
Bahia,#A5CB0C,165,203,12
Baja White,#FFF8D1,255,248,209
Bali Hai,#859FAF,133,159,175
Baltic Sea,#2A2630,42,38,48
Bamboo,#DA6304,218,99,4
Bandicoot,#858470,133,132,112
Banjul,#130A06,19,10,6
Barberry,#DED717,222,215,23
Barley Corn,#A68B5B,166,139,91
Barley White,#FFF4CE,255,244,206
Barossa,#44012D,68,1,45
Bastille,#292130,41,33,48
Battleship Grey,#828F72,130,143,114
Bay Leaf,#7DA98D,125,169,141
Bay of Many,#273A81,39,58,129
Bean  ,#3D0C02,61,12,2
Beauty Bush,#EEC1BE,238,193,190
Beeswax,#FEF2C7,254,242,199
Bermuda,#7DD8C6,125,216,198
Bermuda Grey,#6B8BA2,107,139,162
Beryl Green,#DEE5C0,222,229,192
Bianca,#FCFBF3,252,251,243
Big Stone,#162A40,22,42,64
Bilbao,#327C14,50,124,20
Biloba Flower,#B2A1EA,178,161,234
Birch,#373021,55,48,33
Bird Flower,#D4CD16,212,205,22
Biscay,#1B3162,27,49,98
Bismark,#497183,73,113,131
Bison Hide,#C1B7A4,193,183,164
Bitter,#868974,134,137,116
Bitter Lemon,#CAE00D,202,224,13
Bizarre,#EEDEDA,238,222,218
Black Bean,#081910,8,25,16
Black Forest,#0B1304,11,19,4
Black Haze,#F6F7F7,246,247,247
Black Magic,#251706,37,23,6
Black Marlin,#3E2C1C,62,44,28
Black Pearl,#041322,4,19,34
Black Pepper,#0E0E18,14,14,24
Black Rock,#0D0332,13,3,50
Black Rose,#67032D,103,3,45
Black Russian,#0A001C,10,0,28
Black Squeeze,#F2FAFA,242,250,250
Black White,#FFFEF6,255,254,246
Blackberry,#4D0135,77,1,53
Blackcurrant,#32293A,50,41,58
Blackwood,#261105,38,17,5
Blanc,#F5E9D3,245,233,211
Bleach White,#FEF3D8,254,243,216
Bleached Cedar,#2C2133,44,33,51
Blossom,#DCB4BC,220,180,188
Blue Bark,#041322,4,19,34
Blue Bayoux,#496679,73,102,121
Blue Bell,#220878,34,8,120
Blue Chalk,#F1E9FF,241,233,255
Blue Charcoal,#010D1A,1,13,26
Blue Chill,#0C8990,12,137,144
Blue Diamond,#380474,56,4,116
Blue Dianne,#204852,32,72,82
Blue Gem,#2C0E8C,44,14,140
Blue Haze,#BFBED8,191,190,216
Blue Lagoon,#017987,1,121,135
Blue Marguerite,#7666C6,118,102,198
Blue Romance,#D2F6DE,210,246,222
Blue Smoke,#748881,116,136,129
Blue Stone,#016162,1,97,98
Blue Whale,#042E4C,4,46,76
Blue Zodiac,#13264D,19,38,77
Blumine,#18587A,24,88,122
Blush,#B44668,180,70,104
Bokara Grey,#1C1208,28,18,8
Bombay,#AFB1B8,175,177,184
Bon Jour,#E5E0E1,229,224,225
Bondi Blue,#02478E,2,71,142
Bone,#E4D1C0,228,209,192
Bordeaux,#5C0120,92,1,32
Bossanova,#4E2A5A,78,42,90
Boston Blue,#3B91B4,59,145,180
Botticelli,#C7DDE5,199,221,229
Bottle Green,#093624,9,54,36
Boulder,#7A7A7A,122,122,122
Bouquet,#AE809E,174,128,158
Bourbon,#BA6F1E,186,111,30
Bracken,#4A2A04,74,42,4
Brandy,#DEC196,222,193,150
Brandy Punch,#CD8429,205,132,41
Brandy Rose,#BB8983,187,137,131
Brazil,#886221,136,98,33
Breaker Bay,#5DA19F,93,161,159
Bridal Heath,#FFFAF4,255,250,244
Bridesmaid,#FEF0EC,254,240,236
Bright Grey,#3C4151,60,65,81
Bright Red,#B10000,177,0,0
Bright Sun,#FED33C,254,211,60
Bronco,#ABA196,171,161,150
Bronze,#3F2109,63,33,9
Bronze Olive,#4E420C,78,66,12
Bronzetone,#4D400F,77,64,15
Broom,#FFEC13,255,236,19
Brown Bramble,#592804,89,40,4
Brown Derby,#492615,73,38,21
Brown Pod,#401801,64,24,1
Buccaneer,#622F30,98,47,48
Bud,#A8AE9C,168,174,156
Buddha Gold,#C1A004,193,160,4
Bulgarian Rose,#480607,72,6,7
Bull Shot,#864D1E,134,77,30
Bunker,#0D1117,13,17,23
Bunting,#151F4C,21,31,76
Burgundy,#770F05,119,15,5
Burnham,#002E20,0,46,32
Burning Sand,#D99376,217,147,118
Burnt Crimson,#65000B,101,0,11
Bush,#0D2E1C,13,46,28
Buttercup,#F3AD16,243,173,22
Buttered Rum,#A1750D,161,117,13
Butterfly Bush,#624E9A,98,78,154
Buttermilk,#FFF1B5,255,241,181
Buttery White,#FFFCEA,255,252,234
Cab Sav,#4D0A18,77,10,24
Cabaret,#D94972,217,73,114
Cabbage Pont,#3F4C3A,63,76,58
Cactus,#587156,88,113,86
Cadillac,#B04C6A,176,76,106
Cafe Royale,#6F440C,111,68,12
Calico,#E0C095,224,192,149
California,#FE9D04,254,157,4
Calypso,#31728D,49,114,141
Camarone,#00581A,0,88,26
Camelot,#893456,137,52,86
Cameo,#D9B99B,217,185,155
Camouflage,#3C3910,60,57,16
Can Can,#D591A4,213,145,164
Canary,#F3FB62,243,251,98
Candlelight,#FCD917,252,217,23
Cannon Black,#251706,37,23,6
Cannon Pink,#894367,137,67,103
Canvas,#A8A589,168,165,137
Cape Cod,#3C4443,60,68,67
Cape Honey,#FEE5AC,254,229,172
Cape Palliser,#A26645,162,102,69
Caper,#DCEDB4,220,237,180
Capri,#062A78,6,42,120
Caramel,#FFDDAF,255,221,175
Cararra,#EEEEE8,238,238,232
Cardin Green,#01361C,1,54,28
Cardinal,#8C055E,140,5,94
Careys Pink,#D29EAA,210,158,170
Carissma,#EA88A8,234,136,168
Carla,#F3FFD8,243,255,216
Carnaby Tan,#5C2E01,92,46,1
Carousel Pink,#F9E0ED,249,224,237
Casablanca,#F8B853,248,184,83
Casal,#2F6168,47,97,104
Cascade,#8BA9A5,139,169,165
Cashmere,#E6BEA5,230,190,165
Casper,#ADBED1,173,190,209
Castro,#52001F,82,0,31
Catalina Blue,#062A78,6,42,120
Catskill White,#EEF6F7,238,246,247
Cavern Pink,#E3BEBE,227,190,190
Ce Soir,#9771B5,151,113,181
Cedar,#3E1C14,62,28,20
Cedar Wood Finish,#711A00,113,26,0
Celery,#B8C25D,184,194,93
Celeste,#D1D2CA,209,210,202
Cello,#1E385B,30,56,91
Celtic,#163222,22,50,34
Cement,#8D7662,141,118,98
Ceramic,#FCFFF9,252,255,249
Chablis,#FFF4F3,255,244,243
Chalet Green,#516E3D,81,110,61
Chalky,#EED794,238,215,148
Chambray,#354E8C,53,78,140
Chamois,#EDDCB1,237,220,177
Champagne,#FAECCC,250,236,204
Chantilly,#F8C3DF,248,195,223
Charade,#292937,41,41,55
Chardon,#FFF3F1,255,243,241
Chardonnay,#FFCD8C,255,205,140
Charlotte,#BAEEF9,186,238,249
Charm,#D47494,212,116,148
Chateau Green,#40A860,64,168,96
Chatelle,#BDB3C7,189,179,199
Chathams Blue,#175579,23,85,121
Chelsea Cucumber,#83AA5D,131,170,93
Chelsea Gem,#9E5302,158,83,2
Chenin,#DFCD6F,223,205,111
Cherokee,#FCDA98,252,218,152
Cherry Pie,#2A0359,42,3,89
Cherrywood,#651A14,101,26,20
Cherub,#F8D9E9,248,217,233
Chetwode Blue,#8581D9,133,129,217
Chicago,#5D5C58,93,92,88
Chiffon,#F1FFC8,241,255,200
Chilean Fire,#F77703,247,119,3
Chilean Heath,#FFFDE6,255,253,230
China Ivory,#FCFFE7,252,255,231
Chino,#CEC7A7,206,199,167
Chinook,#A8E3BD,168,227,189
Chocolate,#370202,55,2,2
Christalle,#33036B,51,3,107
Christi,#67A712,103,167,18
Christine,#E7730A,231,115,10
Chrome White,#E8F1D4,232,241,212
Cigar,#773F1A,119,63,26
Cinder,#0E0E18,14,14,24
Cinderella,#FDE1DC,253,225,220
Cinnamon,#7B3F00,123,63,0
Cioccolato,#55280C,85,40,12
Citrine White,#FAF7D6,250,247,214
Citron,#9EA91F,158,169,31
Citrus,#A1C50A,161,197,10
Clairvoyant,#480656,72,6,86
Clam Shell,#D4B6AF,212,182,175
Classic Rose,#FBCCE7,251,204,231
Clay Creek,#8A8360,138,131,96
Clear Day,#E9FFFD,233,255,253
Clementine,#E96E00,233,110,0
Clinker,#371D09,55,29,9
Cloud,#C7C4BF,199,196,191
Cloud Burst,#202E54,32,46,84
Cloudy,#ACA59F,172,165,159
Clover,#384910,56,73,16
Cobalt,#062A78,6,42,120
Cocoa Bean,#481C1C,72,28,28
Cocoa Brown,#301F1E,48,31,30
Coconut Cream,#F8F7DC,248,247,220
Cod Grey,#0B0B0B,11,11,11
Coffee,#706555,112,101,85
Coffee Bean,#2A140E,42,20,14
Cognac,#9F381D,159,56,29
Cola,#3F2500,63,37,0
Cold Purple,#ABA0D9,171,160,217
Cold Turkey,#CEBABA,206,186,186
Colonial White,#FFEDBC,255,237,188
Comet,#5C5D75,92,93,117
Como,#517C66,81,124,102
Conch,#C9D9D2,201,217,210
Concord,#7C7B7A,124,123,122
Concrete,#F2F2F2,242,242,242
Confetti,#E9D75A,233,215,90
Congo Brown,#593737,89,55,55
Conifer,#ACDD4D,172,221,77
Contessa,#C6726B,198,114,107
Copper Canyon,#7E3A15,126,58,21
Copper Rust,#944747,148,71,71
Coral,#C7BCA2,199,188,162
Coral Candy,#FFDCD6,255,220,214
Coral Tree,#A86B6B,168,107,107
Corduroy,#606E68,96,110,104
Coriander,#C4D0B0,196,208,176
Cork,#40291D,64,41,29
Corn,#E7BF05,231,191,5
Corn Field,#F8FACD,248,250,205
Corn Harvest,#8B6B0B,139,107,11
Cornflower,#FFB0AC,255,176,172
Corvette,#FAD3A2,250,211,162
Cosmic,#76395D,118,57,93
Cosmos,#FFD8D9,255,216,217
Costa Del Sol,#615D30,97,93,48
Cotton Seed,#C2BDB6,194,189,182
County Green,#01371A,1,55,26
Cove Grey,#051657,5,22,87
Cowboy,#4D282D,77,40,45
Crab Apple,#A02712,160,39,18
Crail,#B95140,185,81,64
Cranberry,#B6316C,182,49,108
Crater Brown,#462425,70,36,37
Cream Brulee,#FFE5A0,255,229,160
Cream Can,#F5C85C,245,200,92
Creme De Banane,#FFFC99,255,252,153
Creole,#1E0F04,30,15,4
Crete,#737829,115,120,41
Crocodile,#736D58,115,109,88
Crown of Thorns,#771F1F,119,31,31
Crowshead,#1C1208,28,18,8
Cruise,#B5ECDF,181,236,223
Crusoe,#004816,0,72,22
Crusta,#FD7B33,253,123,51
Cuban Tan,#2A140E,42,20,14
Cumin,#924321,146,67,33
Cumulus,#FDFFD5,253,255,213
Cupid,#FBBEDA,251,190,218
Curious Blue,#2596D1,37,150,209
Cutty Sark,#507672,80,118,114
Cyprus,#003E40,0,62,64
Daintree,#012731,1,39,49
Dairy Cream,#F9E4BC,249,228,188
Daisy Bush,#4F2398,79,35,152
Dallas,#6E4B26,110,75,38
Danube,#6093D1,96,147,209
Dark Ebony,#3C2005,60,32,5
Dark Oak,#612718,97,39,24
Dark Rimu,#5F3D26,95,61,38
Dark Rum,#412010,65,32,16
Dark Slate,#394851,57,72,81
Dark Tan,#661010,102,16,16
Dawn,#A6A29A,166,162,154
Dawn Pink,#F3E9E5,243,233,229
De York,#7AC488,122,196,136
Deco,#D2DA97,210,218,151
Deep Blush,#E47698,228,118,152
Deep Bronze,#4A3004,74,48,4
Deep Cove,#051040,5,16,64
Deep Fir,#002900,0,41,0
Deep Koamaru,#1B127B,27,18,123
Deep Oak,#412010,65,32,16
Deep Sea,#01826B,1,130,107
Deep Teal,#003532,0,53,50
Del Rio,#B09A95,176,154,149
Dell,#396413,57,100,19
Delta,#A4A49D,164,164,157
Deluge,#7563A8,117,99,168
Derby,#FFEED8,255,238,216
Desert,#AE6020,174,96,32
Desert Storm,#F8F8F7,248,248,247
Dew,#EAFFFE,234,255,254
Di Serria,#DB995E,219,153,94
Diesel,#130000,19,0,0
Dingley,#5D7747,93,119,71
Disco,#871550,135,21,80
Dixie,#E29418,226,148,24
Dolly,#F9FF8B,249,255,139
Dolphin,#646077,100,96,119
Domino,#8E775E,142,119,94
Don Juan,#5D4C51,93,76,81
Donkey Brown,#A69279,166,146,121
Dorado,#6B5755,107,87,85
Double Colonial White,#EEE3AD,238,227,173
Double Pearl Lusta,#FCF4D0,252,244,208
Double Spanish White,#E6D7B9,230,215,185
Dove Grey,#6D6C6C,109,108,108
Downriver,#092256,9,34,86
Downy,#6FD0C5,111,208,197
Driftwood,#AF8751,175,135,81
Drover,#FDF7AD,253,247,173
Dune,#383533,56,53,51
Dust Storm,#E5CCC9,229,204,201
Dusty Grey,#A8989B,168,152,155
Dutch White,#FFF8D1,255,248,209
Eagle,#B6BAA4,182,186,164
Earls Green,#C9B93B,201,185,59
Early Dawn,#FFF9E6,255,249,230
East Bay,#414C7D,65,76,125
East Side,#AC91CE,172,145,206
Eastern Blue,#1E9AB0,30,154,176
Ebb,#E9E3E3,233,227,227
Ebony,#0C0B1D,12,11,29
Ebony Clay,#26283B,38,40,59
Echo Blue,#AFBDD9,175,189,217
Eclipse,#311C17,49,28,23
Ecru White,#F5F3E5,245,243,229
Ecstasy,#FA7814,250,120,20
Eden,#105852,16,88,82
Edgewater,#C8E3D7,200,227,215
Edward,#A2AEAB,162,174,171
Egg Sour,#FFF4DD,255,244,221
Egg White,#FFEFC1,255,239,193
El Paso,#1E1708,30,23,8
El Salva,#8F3E33,143,62,51
Elephant,#123447,18,52,71
Elf Green,#088370,8,131,112
Elm,#1C7C7D,28,124,125
Embers,#A02712,160,39,18
Emperor,#514649,81,70,73
Empress,#817377,129,115,119
Endeavour,#0056A7,0,86,167
Energy Yellow,#F8DD5C,248,221,92
English Holly,#022D15,2,45,21
English Walnut,#3E2B23,62,43,35
Envy,#8BA690,139,166,144
Equator,#E1BC64,225,188,100
Espresso,#612718,97,39,24
Eternity,#211A0E,33,26,14
Eucalyptus,#278A5B,39,138,91
Eunry,#CFA39D,207,163,157
Evening Sea,#024E46,2,78,70
Everglade,#1C402E,28,64,46
Fair Pink,#FFEFEC,255,239,236
Falcon,#7F626D,127,98,109
Fantasy,#FAF3F0,250,243,240
Fedora,#796A78,121,106,120
Feijoa,#9FDD8C,159,221,140
Fern,#0A480D,10,72,13
Fern Frond,#657220,101,114,32
Ferra,#704F50,112,79,80
Festival,#FBE96C,251,233,108
Feta,#F0FCEA,240,252,234
Fiery Orange,#B35213,179,82,19
Fiji Green,#657220,101,114,32
Finch,#626649,98,102,73
Finlandia,#556D56,85,109,86
Finn,#692D54,105,45,84
Fiord,#405169,64,81,105
Fire,#AA4203,170,66,3
Fire Bush,#E89928,232,153,40
Firefly,#0E2A30,14,42,48
Flame Pea,#DA5B38,218,91,56
Flame Red,#C7031E,199,3,30
Flamenco,#FF7D07,255,125,7
Flamingo,#F2552A,242,85,42
Flax,#7B8265,123,130,101
Flint,#6F6A61,111,106,97
Foam,#D8FCFA,216,252,250
Fog,#D7D0FF,215,208,255
Foggy Grey,#CBCAB6,203,202,182
Forest Green,#182D09,24,45,9
Forget Me Not,#FFF1EE,255,241,238
Fountain Blue,#56B4BE,86,180,190
Frangipani,#FFDEB3,255,222,179
French Grey,#BDBDC6,189,189,198
French Lilac,#ECC7EE,236,199,238
French Pass,#BDEDFD,189,237,253
Friar Grey,#807E79,128,126,121
Fringy Flower,#B1E2C1,177,226,193
Froly,#F57584,245,117,132
Frost,#EDF5DD,237,245,221
Frosted Mint,#DBFFF8,219,255,248
Frostee,#E4F6E7,228,246,231
Fruit Salad,#4F9D5D,79,157,93
Fuchsia,#7A58C1,122,88,193
Fuego,#BEDE0D,190,222,13
Fuel Yellow,#ECA927,236,169,39
Fun Blue,#1959A8,25,89,168
Fun Green,#016D39,1,109,57
Fuscous Grey,#54534D,84,83,77
Gable Green,#163531,22,53,49
Gallery,#EFEFEF,239,239,239
Galliano,#DCB20C,220,178,12
Geebung,#D18F1B,209,143,27
Genoa,#15736B,21,115,107
Geraldine,#FB8989,251,137,137
Geyser,#D4DFE2,212,223,226
Ghost,#C7C9D5,199,201,213
Gigas,#523C94,82,60,148
Gimblet,#B8B56A,184,181,106
Gin,#E8F2EB,232,242,235
Gin Fizz,#FFF9E2,255,249,226
Givry,#F8E4BF,248,228,191
Glacier,#80B3C4,128,179,196
Glade Green,#61845F,97,132,95
Go Ben,#726D4E,114,109,78
Goblin,#3D7D52,61,125,82
Gold Drop,#F18200,241,130,0
Gold Tips,#DEBA13,222,186,19
Golden Bell,#E28913,226,137,19
Golden Dream,#F0D52D,240,213,45
Golden Fizz,#F5FB3D,245,251,61
Golden Glow,#FDE295,253,226,149
Golden Sand,#F0DB7D,240,219,125
Golden Tainoi,#FFCC5C,255,204,92
Gondola,#261414,38,20,20
Gordons Green,#0B1107,11,17,7
Gorse,#FFF14F,255,241,79
Gossamer,#069B81,6,155,129
Gossip,#D2F8B0,210,248,176
Gothic,#6D92A1,109,146,161
Governor Bay,#2F3CB3,47,60,179
Grain Brown,#E4D5B7,228,213,183
Grandis,#FFD38C,255,211,140
Granite Green,#8D8974,141,137,116
Granny Apple,#D5F6E3,213,246,227
Granny Smith,#84A0A0,132,160,160
Grape,#381A51,56,26,81
Graphite,#251607,37,22,7
Grass Hopper,#7C7631,124,118,49
Gravel,#4A444B,74,68,75
Green House,#24500F,36,80,15
Green Kelp,#25311C,37,49,28
Green Leaf,#436A0D,67,106,13
Green Mist,#CBD3B0,203,211,176
Green Pea,#1D6142,29,97,66
Green Smoke,#A4AF6E,164,175,110
Green Spring,#B8C1B1,184,193,177
Green Vogue,#032B52,3,43,82
Green Waterloo,#101405,16,20,5
Green White,#E8EBE0,232,235,224
Greenstone,#003E40,0,62,64
Grenadier,#D54600,213,70,0
Grey Chateau,#A2AAB3,162,170,179
Grey Green,#454936,69,73,54
Grey Nickel,#C3C3BD,195,195,189
Grey Nurse,#E7ECE6,231,236,230
Grey Olive,#A9A491,169,164,145
Grey Suit,#C1BECD,193,190,205
Guardsman Red,#BA0101,186,1,1
Gulf Blue,#051657,5,22,87
Gulf Stream,#80B3AE,128,179,174
Gull Grey,#9DACB7,157,172,183
Gum Leaf,#B6D3BF,182,211,191
Gumbo,#7CA1A6,124,161,166
Gun Powder,#414257,65,66,87
Gunmetal,#020D15,2,13,21
Gunsmoke,#828685,130,134,133
Gurkha,#9A9577,154,149,119
Hacienda,#98811B,152,129,27
Hairy Heath,#6B2A14,107,42,20
Haiti,#1B1035,27,16,53
Half and Half,#FFFEE1,255,254,225
Half Baked,#85C4CC,133,196,204
Half Colonial White,#FDF6D3,253,246,211
Half Dutch White,#FEF7DE,254,247,222
Half Pearl Lusta,#FFFCEA,255,252,234
Half Spanish White,#FEF4DB,254,244,219
Hampton,#E5D8AF,229,216,175
Harp,#E6F2EA,230,242,234
Harvest Gold,#E0B974,224,185,116
Havana,#341515,52,21,21
Havelock Blue,#5590D9,85,144,217
Hawaiian Tan,#9D5616,157,86,22
Hawkes Blue,#D4E2FC,212,226,252
Heath,#541012,84,16,18
Heather,#B7C3D0,183,195,208
Heathered Grey,#B6B095,182,176,149
Heavy Metal,#2B3228,43,50,40
Hemlock,#5E5D3B,94,93,59
Hemp,#907874,144,120,116
Hibiscus,#B6316C,182,49,108
Highball,#908D39,144,141,57
Highland,#6F8E63,111,142,99
Hillary,#ACA586,172,165,134
Himalaya,#6A5D1B,106,93,27
Hint of Green,#E6FFE9,230,255,233
Hint of Grey,#FCFFF9,252,255,249
Hint of Red,#F9F9F9,249,249,249
Hint of Yellow,#FAFDE4,250,253,228
Hippie Blue,#589AAF,88,154,175
Hippie Green,#53824B,83,130,75
Hippie Pink,#AE4560,174,69,96
Hit Grey,#A1ADB5,161,173,181
Hit Pink,#FFAB81,255,171,129
Hokey Pokey,#C8A528,200,165,40
Hoki,#65869F,101,134,159
Holly,#011D13,1,29,19
Honey Flower,#4F1C70,79,28,112
Honeysuckle,#EDFC84,237,252,132
Hopbush,#D06DA1,208,109,161
Horizon,#5A87A0,90,135,160
Horses Neck,#604913,96,73,19
Hot Chile,#8B0723,139,7,35
Hot Curry,#886221,136,98,33
Hot Purple,#480656,72,6,86
Hot Toddy,#B38007,179,128,7
Humming Bird,#CFF9F3,207,249,243
Hunter Green,#161D10,22,29,16
Hurricane,#877C7B,135,124,123
Husk,#B7A458,183,164,88
Ice Cold,#B1F4E7,177,244,231
Iceberg,#DAF4F0,218,244,240
Illusion,#F6A4C9,246,164,201
Indian Tan,#4D1E01,77,30,1
Indochine,#C26B03,194,107,3
Irish Coffee,#5F3D26,95,61,38
Iroko,#433120,67,49,32
Iron,#D4D7D9,212,215,217
Ironbark,#411F10,65,31,16
Ironside Grey,#676662,103,102,98
Ironstone,#86483C,134,72,60
Island Spice,#FFFCEE,255,252,238
Jacaranda,#2E0329,46,3,41
Jacarta,#3A2A6A,58,42,106
Jacko Bean,#2E1905,46,25,5
Jacksons Purple,#20208D,32,32,141
Jade,#427977,66,121,119
Jaffa,#EF863F,239,134,63
Jagged Ice,#C2E8E5,194,232,229
Jagger,#350E57,53,14,87
Jaguar,#080110,8,1,16
Jambalaya,#5B3013,91,48,19
Janna,#F4EBD3,244,235,211
Japanese Laurel,#0A6906,10,105,6
Japanese Maple,#780109,120,1,9
Japonica,#D87C63,216,124,99
Jarrah,#341515,52,21,21
Java,#1FC2C2,31,194,194
Jazz,#780109,120,1,9
Jelly Bean,#297B9A,41,123,154
Jet Stream,#B5D2CE,181,210,206
Jewel,#126B40,18,107,64
Joanna,#F5F3E5,245,243,229
Jon,#3B1F1F,59,31,31
Jonquil,#EEFF9A,238,255,154
Jordy Blue,#8AB9F1,138,185,241
Judge Grey,#544333,84,67,51
Jumbo,#7C7B82,124,123,130
Jungle Green,#281E15,40,30,21
Jungle Mist,#B4CFD3,180,207,211
Juniper,#6D9292,109,146,146
Just Right,#ECCDB9,236,205,185
Kabul,#5E483E,94,72,62
Kaitoke Green,#004620,0,70,32
Kangaroo,#C6C8BD,198,200,189
Karaka,#1E1609,30,22,9
Karry,#FFEAD4,255,234,212
Kashmir Blue,#507096,80,112,150
Kelp,#454936,69,73,54
Kenyan Copper,#7C1C05,124,28,5
Kidnapper,#E1EAD4,225,234,212
Kilamanjaro,#240C02,36,12,2
Killarney,#3A6A47,58,106,71
Kimberly,#736C9F,115,108,159
Kingfisher Daisy,#3E0480,62,4,128
Kokoda,#6E6D57,110,109,87
Korma,#8F4B0E,143,75,14
Koromiko,#FFBD5F,255,189,95
Kournikova,#FFE772,255,231,114
Kumera,#886221,136,98,33
La Palma,#368716,54,135,22
La Rioja,#B3C110,179,193,16
Las Palmas,#C6E610,198,230,16
Laser,#C8B568,200,181,104
Laurel,#749378,116,147,120
Lavender,#A899E6,168,153,230
Leather,#967059,150,112,89
Lemon,#F4D81C,244,216,28
Lemon Ginger,#AC9E22,172,158,34
Lemon Grass,#9B9E8F,155,158,143
Licorice,#092256,9,34,86
Lightning Yellow,#FCC01E,252,192,30
Lilac Bush,#9874D3,152,116,211
Lily,#C8AABF,200,170,191
Lily White,#E7F8FF,231,248,255
Lima,#76BD17,118,189,23
Lime,#BFC921,191,201,33
Limeade,#6F9D02,111,157,2
Limed Ash,#747D63,116,125,99
Limed Gum,#423921,66,57,33
Limed Oak,#AC8A56,172,138,86
Limed Spruce,#394851,57,72,81
Linen,#E6E4D4,230,228,212
Link Water,#D9E4F5,217,228,245
Lipstick,#AB0563,171,5,99
Lisbon Brown,#423921,66,57,33
Livid Brown,#4D282E,77,40,46
Loafer,#EEF4DE,238,244,222
Loblolly,#BDC9CE,189,201,206
Lochinvar,#2C8C84,44,140,132
Lochmara,#007EC7,0,126,199
Locust,#A8AF8E,168,175,142
Log Cabin,#242A1D,36,42,29
Logan,#AAA9CD,170,169,205
Lola,#DFCFDB,223,207,219
London Hue,#BEA6C3,190,166,195
Lonestar,#6D0101,109,1,1
Lotus,#863C3C,134,60,60
Loulou,#460B41,70,11,65
Lucky,#AF9F1C,175,159,28
Lucky Point,#1A1A68,26,26,104
Lunar Green,#3C493A,60,73,58
Lusty,#991B07,153,27,7
Luxor Gold,#A7882C,167,136,44
Lynch,#697E9A,105,126,154
Mabel,#D9F7FF,217,247,255
Madang,#B7F0BE,183,240,190
Madison,#09255D,9,37,93
Madras,#3F3002,63,48,2
Mahogany,#4E0606,78,6,6
Mai Tai,#B06608,176,102,8
Maire,#130A06,19,10,6
Maize,#F5D5A0,245,213,160
Makara,#897D6D,137,125,109
Mako,#444954,68,73,84
Malachite Green,#888D65,136,141,101
Malibu,#7DC8F7,125,200,247
Mallard,#233418,35,52,24
Malta,#BDB2A1,189,178,161
Mamba,#8E8190,142,129,144
Mandalay,#AD781B,173,120,27
Mandy,#E25465,226,84,101
Mandys Pink,#F2C3B2,242,195,178
Manhattan,#F5C999,245,201,153
Mantle,#8B9C90,139,156,144
Manz,#EEEF78,238,239,120
Mardi Gras,#350036,53,0,54
Marigold,#B98D28,185,141,40
Mariner,#286ACD,40,106,205
Marlin,#2A140E,42,20,14
Maroon,#420303,66,3,3
Marshland,#0B0F08,11,15,8
Martini,#AFA09E,175,160,158
Martinique,#363050,54,48,80
Marzipan,#F8DB9D,248,219,157
Masala,#403B38,64,59,56
Mash,#40291D,64,41,29
Matisse,#1B659D,27,101,157
Matrix,#B05D54,176,93,84
Matterhorn,#4E3B41,78,59,65
Maverick,#D8C2D5,216,194,213
McKenzie,#AF8751,175,135,81
Melanie,#E4C2D5,228,194,213
Melanzane,#300529,48,5,41
Melrose,#C7C1FF,199,193,255
Meranti,#5D1E0F,93,30,15
Mercury,#E5E5E5,229,229,229
Merino,#F6F0E6,246,240,230
Merlin,#413C37,65,60,55
Merlot,#831923,131,25,35
Metallic Bronze,#49371B,73,55,27
Metallic Copper,#71291D,113,41,29
Meteor,#D07D12,208,125,18
Meteorite,#3C1F76,60,31,118
Mexican Red,#A72525,167,37,37
Mid Grey,#5F5F6E,95,95,110
Midnight,#011635,1,22,53
Midnight Express,#000741,0,7,65
Midnight Moss,#041004,4,16,4
Mikado,#2D2510,45,37,16
Milan,#FAFFA4,250,255,164
Milano Red,#B81104,184,17,4
Milk Punch,#FFF6D4,255,246,212
Milk White,#F6F0E6,246,240,230
Millbrook,#594433,89,68,51
Mimosa,#F8FDD3,248,253,211
Mine Shaft,#323232,50,50,50
Mineral Green,#3F5D53,63,93,83
Minsk,#3F307F,63,48,127
Mint Julep,#F1EEC1,241,238,193
Mint Tulip,#C4F4EB,196,244,235
Mirage,#161928,22,25,40
Mischka,#D1D2DD,209,210,221
Mist Grey,#C4C4BC,196,196,188
Mobster,#7F7589,127,117,137
Moccaccino,#6E1D14,110,29,20
Mocha,#782D19,120,45,25
Mojo,#C04737,192,71,55
Mona Lisa,#FFA194,255,161,148
Monarch,#8B0723,139,7,35
Mondo,#4A3C30,74,60,48
Mongoose,#B5A27F,181,162,127
Monsoon,#8A8389,138,131,137
Montana,#291E30,41,30,48
Monte Carlo,#83D0C6,131,208,198
Monza,#C7031E,199,3,30
Moody Blue,#7F76D3,127,118,211
Moon Glow,#FCFEDA,252,254,218
Moon Mist,#DCDDCC,220,221,204
Moon Raker,#D6CEF6,214,206,246
Moon Yellow,#FCD917,252,217,23
Morning Glory,#9EDEE0,158,222,224
Morocco Brown,#441D00,68,29,0
Mortar,#504351,80,67,81
Mosaic,#123447,18,52,71
Mosque,#036A6E,3,106,110
Mountain Mist,#959396,149,147,150
Muddy Waters,#B78E5C,183,142,92
Muesli,#AA8B5B,170,139,91
Mulberry,#5C0536,92,5,54
Mule Fawn,#8C472F,140,71,47
Mulled Wine,#4E4562,78,69,98
Mustard,#74640D,116,100,13
My Pink,#D69188,214,145,136
My Sin,#FFB31F,255,179,31
Mystic,#E2EBED,226,235,237
Nandor,#4B5D52,75,93,82
Napa,#ACA494,172,164,148
Narvik,#EDF9F1,237,249,241
Natural,#86560A,134,86,10
Nebula,#CBDBD6,203,219,214
Negroni,#FFE2C5,255,226,197
Nepal,#8EABC1,142,171,193
Neptune,#7CB7BB,124,183,187
Nero,#140600,20,6,0
Neutral Green,#ACA586,172,165,134
Nevada,#646E75,100,110,117
New Amber,#7B3801,123,56,1
New Orleans,#F3D69D,243,214,157
New York Pink,#D7837F,215,131,127
Niagara,#06A189,6,161,137
Night Rider,#1F120F,31,18,15
Night Shadz,#AA375A,170,55,90
Nightclub,#660045,102,0,69
Nile Blue,#193751,25,55,81
Nobel,#B7B1B1,183,177,177
Nomad,#BAB1A2,186,177,162
Nordic,#012731,1,39,49
Norway,#A8BD9F,168,189,159
Nugget,#C59922,197,153,34
Nutmeg,#81422C,129,66,44
Nutmeg Wood Finish,#683600,104,54,0
Oasis,#FEEFCE,254,239,206
Observatory,#02866F,2,134,111
Ocean Green,#41AA78,65,170,120
Off Green,#E6F8F3,230,248,243
Off Yellow,#FEF9E3,254,249,227
Oil,#281E15,40,30,21
Oiled Cedar,#7C1C05,124,28,5
Old Brick,#901E1E,144,30,30
Old Copper,#724A2F,114,74,47
Olive Green,#242E16,36,46,22
Olive Haze,#8B8470,139,132,112
Olivetone,#716E10,113,110,16
Onahau,#CDF4FF,205,244,255
Onion,#2F270E,47,39,14
Opal,#A9C6C2,169,198,194
Opium,#8E6F70,142,111,112
Oracle,#377475,55,116,117
Orange Roughy,#C45719,196,87,25
Orange White,#FEFCED,254,252,237
Orchid White,#FFFDF3,255,253,243
Oregon,#9B4703,155,71,3
Orient,#015E85,1,94,133
Oriental Pink,#C69191,198,145,145
Orinoco,#F3FBD4,243,251,212
Oslo Grey,#878D91,135,141,145
Ottoman,#E9F8ED,233,248,237
Outer Space,#051040,5,16,64
Oxford Blue,#384555,56,69,85
Oxley,#779E86,119,158,134
Oyster Bay,#DAFAFF,218,250,255
Oyster Pink,#E9CECD,233,206,205
Paarl,#A65529,166,85,41
Pablo,#776F61,119,111,97
Pacifika,#778120,119,129,32
Paco,#411F10,65,31,16
Padua,#ADE6C4,173,230,196
Pale Leaf,#C0D3B9,192,211,185
Pale Oyster,#988D77,152,141,119
Pale Prim,#FDFEB8,253,254,184
Pale Rose,#FFE1F2,255,225,242
Pale Sky,#6E7783,110,119,131
Pale Slate,#C3BFC1,195,191,193
Palm Green,#09230F,9,35,15
Palm Leaf,#19330E,25,51,14
Pampas,#F4F2EE,244,242,238
Panache,#EAF6EE,234,246,238
Pancho,#EDCDAB,237,205,171
Panda,#423921,66,57,33
Paprika,#8D0226,141,2,38
Paradiso,#317D82,49,125,130
Parchment,#F1E9D2,241,233,210
Paris Daisy,#FFF46E,255,244,110
Paris M,#26056A,38,5,106
Paris White,#CADCD4,202,220,212
Parsley,#134F19,19,79,25
Patina,#639A8F,99,154,143
Pattens Blue,#DEF5FF,222,245,255
Paua,#260368,38,3,104
Pavlova,#D7C498,215,196,152
Pea Soup,#CFE5D2,207,229,210
Peach,#FFF0DB,255,240,219
Peach Schnapps,#FFDCD6,255,220,214
Peanut,#782F16,120,47,22
Pearl Bush,#E8E0D5,232,224,213
Pearl Lusta,#FCF4DC,252,244,220
Peat,#716B56,113,107,86
Pelorous,#3EABBF,62,171,191
Peppermint,#E3F5E1,227,245,225
Perano,#A9BEF2,169,190,242
Perfume,#D0BEF8,208,190,248
Periglacial Blue,#E1E6D6,225,230,214
Persian Plum,#701C1C,112,28,28
Persian Red,#520C17,82,12,23
Persimmon,#FF6B53,255,107,83
Peru Tan,#7F3A02,127,58,2
Pesto,#7C7631,124,118,49
Petite Orchid,#DB9690,219,150,144
Pewter,#96A8A1,150,168,161
Pharlap,#A3807B,163,128,123
Picasso,#FFF39D,255,243,157
Pickled Aspen,#3F4C3A,63,76,58
Pickled Bean,#6E4826,110,72,38
Pickled Bluewood,#314459,49,68,89
Picton Blue,#45B1E8,69,177,232
Pigeon Post,#AFBDD9,175,189,217
Pine Cone,#6D5E54,109,94,84
Pine Glade,#C7CD90,199,205,144
Pine Tree,#171F04,23,31,4
Pink Flare,#E1C0C8,225,192,200
Pink Lace,#FFDDF4,255,221,244
Pink Lady,#FFF1D8,255,241,216
Pink Swan,#BEB5B7,190,181,183
Piper,#C96323,201,99,35
Pipi,#FEF4CC,254,244,204
Pippin,#FFE1DF,255,225,223
Pirate Gold,#BA7F03,186,127,3
Pistachio,#9DC209,157,194,9
Pixie Green,#C0D8B6,192,216,182
Pizazz,#FF9000,255,144,0
Pizza,#C99415,201,148,21
Plantation,#27504B,39,80,75
Planter,#615D30,97,93,48
Plum,#410056,65,0,86
Pohutukawa,#8F021C,143,2,28
Polar,#E5F9F6,229,249,246
Polo Blue,#8DA8CC,141,168,204
Pompadour,#660045,102,0,69
Porcelain,#EFF2F3,239,242,243
Porsche,#EAAE69,234,174,105
Port Gore,#251F4F,37,31,79
Portafino,#FFFFB4,255,255,180
Portage,#8B9FEE,139,159,238
Portica,#F9E663,249,230,99
Pot Pourri,#F5E7E2,245,231,226
Potters Clay,#8C5738,140,87,56
Powder Blue,#BCC9C2,188,201,194
Prairie Sand,#9A3820,154,56,32
Prelude,#D0C0E5,208,192,229
Prim,#F0E2EC,240,226,236
Primrose,#EDEA99,237,234,153
Promenade,#FCFFE7,252,255,231
Provincial Pink,#FEF5F1,254,245,241
Prussian Blue,#003153,0,49,83
Pueblo,#7D2C14,125,44,20
Puerto Rico,#3FC1AA,63,193,170
Pumice,#C2CAC4,194,202,196
Pumpkin,#B1610B,177,97,11
Punch,#DC4333,220,67,51
Punga,#4D3D14,77,61,20
Putty,#E7CD8C,231,205,140
Quarter Pearl Lusta,#FFFDF4,255,253,244
Quarter Spanish White,#F7F2E1,247,242,225
Quicksand,#BD978E,189,151,142
Quill Grey,#D6D6D1,214,214,209
Quincy,#623F2D,98,63,45
Racing Green,#0C1911,12,25,17
Raffia,#EADAB8,234,218,184
Rain Forest,#778120,119,129,32
Raincloud,#7B7C94,123,124,148
Rainee,#B9C8AC,185,200,172
Rajah,#F7B668,247,182,104
Rangitoto,#2E3222,46,50,34
Rangoon Green,#1C1E13,28,30,19
Raven,#727B89,114,123,137
Rebel,#3C1206,60,18,6
Red Beech,#7B3801,123,56,1
Red Berry,#8E0000,142,0,0
Red Damask,#DA6A41,218,106,65
Red Devil,#860111,134,1,17
Red Oxide,#6E0902,110,9,2
Red Robin,#80341F,128,52,31
Red Stage,#D05F04,208,95,4
Redwood,#5D1E0F,93,30,15
Reef,#C9FFA2,201,255,162
Reef Gold,#9F821C,159,130,28
Regal Blue,#013F6A,1,63,106
Regent Grey,#86949F,134,148,159
Regent St Blue,#AAD6E6,170,214,230
Remy,#FEEBF3,254,235,243
Reno Sand,#A86515,168,101,21
Resolution Blue,#002387,0,35,135
Revolver,#2C1632,44,22,50
Rhino,#2E3F62,46,63,98
Ribbon,#660045,102,0,69
Rice Cake,#FFFEF0,255,254,240
Rice Flower,#EEFFE2,238,255,226
Rich Gold,#A85307,168,83,7
Rio Grande,#BBD009,187,208,9
Riptide,#8BE6D8,139,230,216
River Bed,#434C59,67,76,89
Rob Roy,#EAC674,234,198,116
Robins Egg Blue,#BDC8B3,189,200,179
Rock,#4D3833,77,56,51
Rock Blue,#9EB1CD,158,177,205
Rock Salt,#FFFFFF,255,255,255
Rock Spray,#BA450C,186,69,12
Rodeo Dust,#C9B29B,201,178,155
Rolling Stone,#747D83,116,125,131
Roman,#DE6360,222,99,96
Roman Coffee,#795D4C,121,93,76
Romance,#FFFEFD,255,254,253
Romantic,#FFD2B7,255,210,183
Ronchi,#ECC54E,236,197,78
Roof Terracotta,#A62F20,166,47,32
Rope,#8E4D1E,142,77,30
Rose,#E7BCB4,231,188,180
Rose Bud,#FBB2A3,251,178,163
Rose Bud Cherry,#800B47,128,11,71
Rose of Sharon,#BF5500,191,85,0
Rose White,#FFF6F5,255,246,245
Roti,#C6A84B,198,168,75
Rouge,#A23B6C,162,59,108
Royal Heath,#AB3472,171,52,114
Rum,#796989,121,105,137
Rum Swizzle,#F9F8E4,249,248,228
Russett,#755A57,117,90,87
Rustic Red,#480404,72,4,4
Rusty Nail,#86560A,134,86,10
Saddle,#4C3024,76,48,36
Saddle Brown,#583401,88,52,1
Saffron,#F9BF58,249,191,88
Sage,#9EA587,158,165,135
Sahara,#B7A214,183,162,20
Sail,#B8E0F9,184,224,249
Salem,#097F4B,9,127,75
Salomie,#FEDB8D,254,219,141
Salt Box,#685E6E,104,94,110
Saltpan,#F1F7F2,241,247,242
Sambuca,#3A2010,58,32,16
San Felix,#0B6207,11,98,7
San Juan,#304B6A,48,75,106
San Marino,#456CAC,69,108,172
Sand Dune,#826F65,130,111,101
Sandal,#AA8D6F,170,141,111
Sandrift,#AB917A,171,145,122
Sandstone,#796D62,121,109,98
Sandwisp,#F5E7A2,245,231,162
Sandy Beach,#FFEAC8,255,234,200
Sanguine Brown,#8D3D38,141,61,56
Santa Fe,#B16D52,177,109,82
Santas Grey,#9FA0B1,159,160,177
Sapling,#DED4A4,222,212,164
Sapphire,#2F519E,47,81,158
Saratoga,#555B10,85,91,16
Sauvignon,#FFF5F3,255,245,243
Sazerac,#FFF4E0,255,244,224
Scampi,#675FA6,103,95,166
Scandal,#CFFAF4,207,250,244
Scarlet Gum,#431560,67,21,96
Scarlett,#950015,149,0,21
Scarpa Flow,#585562,88,85,98
Schist,#A9B497,169,180,151
Schooner,#8B847E,139,132,126
Scooter,#2EBFD4,46,191,212
Scorpion,#695F62,105,95,98
Scotch Mist,#FFFBDC,255,251,220
Scrub,#2E3222,46,50,34
Sea Buckthorn,#FBA129,251,161,41
Sea Fog,#FCFFF9,252,255,249
Sea Green,#095859,9,88,89
Sea Mist,#C5DBCA,197,219,202
Sea Nymph,#78A39C,120,163,156
Sea Pink,#ED989E,237,152,158
Seagull,#80CCEA,128,204,234
Seance,#731E8F,115,30,143
Seashell,#F1F1F1,241,241,241
Seaweed,#1B2F11,27,47,17
Selago,#F0EEFD,240,238,253
Sepia,#2B0202,43,2,2
Serenade,#FFF4E8,255,244,232
Shadow Green,#9AC2B8,154,194,184
Shady Lady,#AAA5A9,170,165,169
Shakespeare,#4EABD1,78,171,209
Shalimar,#FBFFBA,251,255,186
Shark,#25272C,37,39,44
Sherpa Blue,#004950,0,73,80
Sherwood Green,#02402C,2,64,44
Shilo,#E8B9B3,232,185,179
Shingle Fawn,#6B4E31,107,78,49
Ship Cove,#788BBA,120,139,186
Ship Grey,#3E3A44,62,58,68
Shiraz,#B20931,178,9,49
Shocking,#E292C0,226,146,192
Shuttle Grey,#5F6672,95,102,114
Siam,#646A54,100,106,84
Sidecar,#F3E7BB,243,231,187
Silk,#BDB1A8,189,177,168
Silver Chalice,#ACACAC,172,172,172
Silver Sand,#BFC1C2,191,193,194
Silver Tree,#66B58F,102,181,143
Sinbad,#9FD7D3,159,215,211
Siren,#7A013A,122,1,58
Sirocco,#718080,113,128,128
Sisal,#D3CBBA,211,203,186
Skeptic,#CAE6DA,202,230,218
Slugger,#412010,65,32,16
Smalt Blue,#51808F,81,128,143
Smoke Tree,#DA6304,218,99,4
Smokey Ash,#413C37,65,60,55
Smoky,#605B73,96,91,115
Snow Drift,#F7FAF7,247,250,247
Snow Flurry,#E4FFD1,228,255,209
Snowy Mint,#D6FFDB,214,255,219
Snuff,#E2D8ED,226,216,237
Soapstone,#FFFBF9,255,251,249
Soft Amber,#D1C6B4,209,198,180
Soft Peach,#F5EDEF,245,237,239
Solid Pink,#893843,137,56,67
Solitaire,#FEF8E2,254,248,226
Solitude,#EAF6FF,234,246,255
Sorbus,#FD7C07,253,124,7
Sorrell Brown,#CEB98F,206,185,143
Sour Dough,#D1BEA8,209,190,168
Soya Bean,#6A6051,106,96,81
Space Shuttle,#433120,67,49,32
Spanish Green,#819885,129,152,133
Spanish White,#F4EBD3,244,235,211
Spectra,#2F5A57,47,90,87
Spice,#6A442E,106,68,46
Spicy Mix,#885342,136,83,66
Spicy Pink,#816E71,129,110,113
Spindle,#B6D1EA,182,209,234
Splash,#FFEFC1,255,239,193
Spray,#79DEEC,121,222,236
Spring Green,#578363,87,131,99
Spring Rain,#ACCBB1,172,203,177
Spring Sun,#F6FFDC,246,255,220
Spring Wood,#F8F6F1,248,246,241
Sprout,#C1D7B0,193,215,176
Spun Pearl,#AAABB7,170,171,183
Squirrel,#8F8176,143,129,118
St Tropaz,#2D569B,45,86,155
Stack,#8A8F8A,138,143,138
Star Dust,#9F9F9C,159,159,156
Stark White,#E5D7BD,229,215,189
Starship,#ECF245,236,242,69
Steel Grey,#262335,38,35,53
Stiletto,#9C3336,156,51,54
Stinger,#8B6B0B,139,107,11
Stonewall,#928573,146,133,115
Storm Dust,#646463,100,100,99
Storm Grey,#717486,113,116,134
Stratos,#000741,0,7,65
Straw,#D4BF8D,212,191,141
Strikemaster,#956387,149,99,135
Stromboli,#325D52,50,93,82
Studio,#714AB2,113,74,178
Submarine,#BAC7C9,186,199,201
Sugar Cane,#F9FFF6,249,255,246
Sulu,#C1F07C,193,240,124
Summer Green,#96BBAB,150,187,171
Sun,#FBAC13,251,172,19
Sundance,#C9B35B,201,179,91
Sundown,#FFB1B3,255,177,179
Sunflower,#E4D422,228,212,34
Sunglo,#E16865,225,104,101
Sunset,#DC4333,220,67,51
Sunshade,#FF9E2C,255,158,44
Supernova,#FFC901,255,201,1
Surf,#BBD7C1,187,215,193
Surf Crest,#CFE5D2,207,229,210
Surfie Green,#0C7A79,12,122,121
Sushi,#87AB39,135,171,57
Suva Grey,#888387,136,131,135
Swamp,#001B1C,0,27,28
Swans Down,#DCF0EA,220,240,234
Sweet Corn,#FBEA8C,251,234,140
Sweet Pink,#FD9FA2,253,159,162
Swirl,#D3CDC5,211,205,197
Swiss Coffee,#DDD6D5,221,214,213
Sycamore,#908D39,144,141,57
Tabasco,#A02712,160,39,18
Tacao,#EDB381,237,179,129
Tacha,#D6C562,214,197,98
Tahiti Gold,#E97C07,233,124,7
Tahuna Sands,#EEF0C8,238,240,200
Tall Poppy,#B32D29,179,45,41
Tallow,#A8A589,168,165,137
Tamarillo,#991613,153,22,19
Tamarind,#341515,52,21,21
Tana,#D9DCC1,217,220,193
Tangaroa,#03163C,3,22,60
Tangerine,#E96E00,233,110,0
Tango,#ED7A1C,237,122,28
Tapa,#7B7874,123,120,116
Tapestry,#B05E81,176,94,129
Tara,#E1F6E8,225,246,232
Tarawera,#073A50,7,58,80
Tasman,#CFDCCF,207,220,207
Taupe Grey,#B3AF95,179,175,149
Tawny Port,#692545,105,37,69
Tax Break,#51808F,81,128,143
Te Papa Green,#1E433C,30,67,60
Tea,#C1BAB0,193,186,176
Teak,#B19461,177,148,97
Teak Wood Finish,#6B2A14,107,42,20
Teal Blue,#044259,4,66,89
Temptress,#3B000B,59,0,11
Tequila,#FFE6C7,255,230,199
Texas,#F8F99C,248,249,156
Texas Rose,#FFB555,255,181,85
Thatch,#B69D98,182,157,152
Thatch Green,#403D19,64,61,25
Thistle,#CCCAA8,204,202,168
Thunder,#33292F,51,41,47
Thunderbird,#C02B18,192,43,24
Tia Maria,#C1440E,193,68,14
Tiara,#C3D1D1,195,209,209
Tiber,#063537,6,53,55
Tidal,#F1FFAD,241,255,173
Tide,#BFB8B0,191,184,176
Timber Green,#16322C,22,50,44
Titan White,#F0EEFF,240,238,255
Toast,#9A6E61,154,110,97
Tobacco Brown,#715D47,113,93,71
Tobago,#3E2B23,62,43,35
Toledo,#3A0020,58,0,32
Tolopea,#1B0245,27,2,69
Tom Thumb,#3F583B,63,88,59
Tonys Pink,#E79F8C,231,159,140
Topaz,#7C778A,124,119,138
Torea Bay,#0F2D9E,15,45,158
Tory Blue,#1450AA,20,80,170
Tosca,#8D3F3F,141,63,63
Totem Pole,#991B07,153,27,7
Touch Wood,#373021,55,48,33
Tower Grey,#A9BDBF,169,189,191
Tradewind,#5FB3AC,95,179,172
Tranquil,#E6FFFF,230,255,255
Travertine,#FFFDE8,255,253,232
Tree Poppy,#FC9C1D,252,156,29
Treehouse,#3B2820,59,40,32
Trendy Green,#7C881A,124,136,26
Trendy Pink,#8C6495,140,100,149
Trinidad,#E64E03,230,78,3
Tropical Blue,#C3DDF9,195,221,249
Trout,#4A4E5A,74,78,90
True V,#8A73D6,138,115,214
Tuatara,#363534,54,53,52
Tuft Bush,#FFDDCD,255,221,205
Tulip Tree,#EAB33B,234,179,59
Tumbleweed,#37290E,55,41,14
Tuna,#353542,53,53,66
Tundora,#4A4244,74,66,68
Turbo,#FAE600,250,230,0
Turkish Rose,#B57281,181,114,129
Turmeric,#CABB48,202,187,72
Turtle Green,#2A380B,42,56,11
Tuscany,#BD5E2E,189,94,46
Tusk,#EEF3C3,238,243,195
Tussock,#C5994B,197,153,75
Tutu,#FFF1F9,255,241,249
Twilight,#E4CFDE,228,207,222
Twilight Blue,#EEFDFF,238,253,255
Twine,#C2955D,194,149,93
Valencia,#D84437,216,68,55
Valentino,#350E42,53,14,66
Valhalla,#2B194F,43,25,79
Van Cleef,#49170C,73,23,12
Vanilla,#D1BEA8,209,190,168
Vanilla Ice,#F3D9DF,243,217,223
Varden,#FFF6DF,255,246,223
Venetian Red,#72010F,114,1,15
Venice Blue,#055989,5,89,137
Venus,#928590,146,133,144
Verdigris,#5D5E37,93,94,55
Verdun Green,#495400,73,84,0
Vesuvius,#B14A0B,177,74,11
Victoria,#534491,83,68,145
Vida Loca,#549019,84,144,25
Viking,#64CCDB,100,204,219
Vin Rouge,#983D61,152,61,97
Viola,#CB8FA9,203,143,169
Violent Violet,#290C5E,41,12,94
Violet,#240A40,36,10,64
Viridian Green,#678975,103,137,117
Vis Vis,#FFEFA1,255,239,161
Vista Blue,#8FD6B4,143,214,180
Vista White,#FCF8F7,252,248,247
Volcano,#651A14,101,26,20
Voodoo,#533455,83,52,85
Vulcan,#10121D,16,18,29
Wafer,#DECBC6,222,203,198
Waikawa Grey,#5A6E9C,90,110,156
Waiouru,#363C0D,54,60,13
Walnut,#773F1A,119,63,26
Wan White,#FCFFF9,252,255,249
Wasabi,#788A25,120,138,37
Water Leaf,#A1E9DE,161,233,222
Watercourse,#056F57,5,111,87
Waterloo ,#7B7C94,123,124,148
Wattle,#DCD747,220,215,71
Watusi,#FFDDCF,255,221,207
Wax Flower,#FFC0A8,255,192,168
We Peep,#F7DBE6,247,219,230
Wedgewood,#4E7F9E,78,127,158
Well Read,#B43332,180,51,50
West Coast,#625119,98,81,25
West Side,#FF910F,255,145,15
Westar,#DCD9D2,220,217,210
Western Red,#8B0723,139,7,35
Wewak,#F19BAB,241,155,171
Wheatfield,#F3EDCF,243,237,207
Whiskey,#D59A6F,213,154,111
Whiskey Sour,#DB995E,219,153,94
Whisper,#F7F5FA,247,245,250
White Ice,#DDF9F1,221,249,241
White Lilac,#F8F7FC,248,247,252
White Linen,#F8F0E8,248,240,232
White Nectar,#FCFFE7,252,255,231
White Pointer,#FEF8FF,254,248,255
White Rock,#EAE8D4,234,232,212
Wild Rice,#ECE090,236,224,144
Wild Sand,#F4F4F4,244,244,244
Wild Willow,#B9C46A,185,196,106
William,#3A686C,58,104,108
Willow Brook,#DFECDA,223,236,218
Willow Grove,#65745D,101,116,93
Windsor,#3C0878,60,8,120
Wine Berry,#591D35,89,29,53
Winter Hazel,#D5D195,213,209,149
Wisp Pink,#FEF4F8,254,244,248
Wisteria,#9771B5,151,113,181
Wistful,#A4A6D3,164,166,211
Witch Haze,#FFFC99,255,252,153
Wood Bark,#261105,38,17,5
Woodburn,#3C2005,60,32,5
Woodland,#4D5328,77,83,40
Woodrush,#302A0F,48,42,15
Woodsmoke,#0C0D0F,12,13,15
Woody Bay,#292130,41,33,48
Woody Brown,#483131,72,49,49
Yellow Metal,#716338,113,99,56
Yellow Sea,#FEA904,254,169,4
Your Pink,#FFC3C0,255,195,192
Yukon Gold,#7B6608,123,102,8
Yuma,#CEC291,206,194,145
Zambezi,#685558,104,85,88
Zanah,#DAECD6,218,236,214
Zest,#E5841B,229,132,27
Zeus,#292319,41,35,25
Ziggurat,#BFDBE2,191,219,226
Zircon,#F4F8FF,244,248,255
Zombie,#E4D69B,228,214,155
Zorba,#A59B91,165,155,145
Zuccini,#044022,4,64,34
Zumthor,#EDF6FF,237,246,255
Zydeco,#02402C,2,64,44
